Temperature (K),Hard Sphere B2 (Å^3/mol),Square Well B2 (Å^3/mol),Lennard Jones B2 (Å^3/mol)
100.0,4.938475327929691e+25,-2.08448392425084e+26,-1.609814983902189e+26
100.70070070070071,4.938475327929691e+25,-2.0542861565071207e+26,-1.5904401164580894e+26
101.4014014014014,4.938475327929691e+25,-2.024743586065693e+26,-1.571427791592004e+26
102.10210210210211,4.938475327929691e+25,-1.9958360249555117e+26,-1.552768066185713e+26
102.8028028028028,4.938475327929691e+25,-1.9675440802226767e+26,-1.534451354246057e+26
103.50350350350351,4.938475327929691e+25,-1.939849116121548e+26,-1.516468411141882e+26
104.2042042042042,4.938475327929691e+25,-1.9127332184015205e+26,-1.4988103186623321e+26
104.90490490490491,4.938475327929691e+25,-1.886179160557347e+26,-1.4814684708473326e+26
105.6056056056056,4.938475327929691e+25,-1.8601703719201805e+26,-1.4644345605444433e+26
106.30630630630631,4.938475327929691e+25,-1.8346909074751092e+26,-1.4477005666492808e+26
107.007007007007,4.938475327929691e+25,-1.8097254192988987e+26,-1.4312587419896101e+26
107.70770770770771,4.938475327929691e+25,-1.7852591295189096e+26,-1.4151016018157452e+26
108.4084084084084,4.938475327929691e+25,-1.761277804701014e+26,-1.3992219128624392e+26
109.10910910910911,4.938475327929691e+25,-1.73776773158048e+26,-1.383612682949596e+26
109.8098098098098,4.938475327929691e+25,-1.7147156940556917e+26,-1.3682671510913332e+26
110.51051051051051,4.938475327929691e+25,-1.6921089513698235e+26,-1.3531787780847866e+26
111.21121121121121,4.938475327929691e+25,-1.669935217410618e+26,-1.3383412375519255e+26
111.91191191191191,4.938475327929691e+25,-1.6481826410629813e+26,-1.3237484074092782e+26
112.61261261261261,4.938475327929691e+25,-1.6268397875533938e+26,-1.3093943617420705e+26
113.31331331331332,4.938475327929691e+25,-1.605895620729073e+26,-1.2952733630607088e+26
114.01401401401401,4.938475327929691e+25,-1.585339486218507e+26,-1.2813798549189178e+26
114.71471471471472,4.938475327929691e+25,-1.56516109542339e+26,-1.2677084548740828e+26
115.41541541541541,4.938475327929691e+25,-1.5453505102951676e+26,-1.2542539477715522e+26
116.11611611611612,4.938475327929691e+25,-1.5258981288523315e+26,-1.2410112793357323e+26
116.81681681681681,4.938475327929691e+25,-1.5067946713973705e+26,-1.227975550051839e+26
117.51751751751752,4.938475327929691e+25,-1.4880311673948198e+26,-1.215142009323133e+26
118.21821821821823,4.938475327929691e+25,-1.4695989429742377e+26,-1.2025060498893559e+26
118.91891891891892,4.938475327929691e+25,-1.451489609024168e+26,-1.1900632024929154e+26
119.61961961961961,4.938475327929691e+25,-1.43369504984517e+26,-1.177809130780154e+26
120.32032032032032,4.938475327929691e+25,-1.4162074123319985e+26,-1.1657396264257731e+26
121.02102102102103,4.938475327929691e+25,-1.3990190956567325e+26,-1.1538506044691553e+26
121.72172172172172,4.938475327929691e+25,-1.3821227414264022e+26,-1.142138098851969e+26
122.42242242242241,4.938475327929691e+25,-1.3655112242901773e+26,-1.1305982581470575e+26
123.12312312312312,4.938475327929691e+25,-1.3491776429726913e+26,-1.1192273414691522e+26
123.82382382382383,4.938475327929691e+25,-1.3331153117114135e+26,-1.1080217145584928e+26
124.52452452452452,4.938475327929691e+25,-1.3173177520772785e+26,-1.0969778460289313e+26
125.22522522522522,4.938475327929691e+25,-1.3017786851589825e+26,-1.0860923037725466e+26
125.92592592592592,4.938475327929691e+25,-1.2864920240924687e+26,-1.0753617515132508e+26
126.62662662662663,4.938475327929691e+25,-1.2714518669181984e+26,-1.0647829455022652e+26
127.32732732732732,4.938475327929691e+25,-1.2566524897497575e+26,-1.0543527313487294e+26
128.02802802802802,4.938475327929691e+25,-1.2420883402383022e+26,-1.0440680409790748e+26
128.72872872872873,4.938475327929691e+25,-1.2277540313182043e+26,-1.0339258897191237e+26
129.42942942942943,4.938475327929691e+25,-1.2136443352200526e+26,-1.0239233734932064e+26
130.13013013013014,4.938475327929691e+25,-1.1997541777379632e+26,-1.014057666134874e+26
130.83083083083082,4.938475327929691e+25,-1.1860786327388386e+26,-1.0043260168040874e+26
131.53153153153153,4.938475327929691e+25,-1.1726129169018986e+26,-9.94725747506007e+25
132.23223223223223,4.938475327929691e+25,-1.1593523846774554e+26,-9.85254250706783e+25
132.93293293293294,4.938475327929691e+25,-1.1462925234544541e+26,-9.759089870419572e+25
133.63363363363362,4.938475327929691e+25,-1.1334289489269264e+26,-9.666874831133403e+25
134.33433433433433,4.938475327929691e+25,-1.1207574006499542e+26,-9.575873293704024e+25
135.03503503503504,4.938475327929691e+25,-1.1082737377763128e+26,-9.4860617807245e+25
135.73573573573574,4.938475327929691e+25,-1.0959739349653568e+26,-9.397417413280296e+25
136.43643643643645,4.938475327929691e+25,-1.0838540784562077e+26,-9.309917892081744e+25
137.13713713713713,4.938475327929691e+25,-1.071910362297686e+26,-9.223541479302816e+25
137.83783783783784,4.938475327929691e+25,-1.0601390847278167e+26,-9.138266981095785e+25
138.53853853853855,4.938475327929691e+25,-1.0485366446961398e+26,-9.054073730752601e+25
139.23923923923923,4.938475327929691e+25,-1.0370995385223492e+26,-8.970941572485427e+25
139.93993993993993,4.938475327929691e+25,-1.025824356685164e+26,-8.888850845799966e+25
140.64064064064064,4.938475327929691e+25,-1.0147077807356132e+26,-8.807782370436695e+25
141.34134134134135,4.938475327929691e+25,-1.0037465803292059e+26,-8.727717431855987e+25
142.04204204204206,4.938475327929691e+25,-9.92937610371757e+25,-8.648637767244529e+25
142.74274274274273,4.938475327929691e+25,-9.82277808273879e+25,-8.57052555202143e+25
143.44344344344344,4.938475327929691e+25,-9.71764191309392e+25,-8.493363386823297e+25
144.14414414414415,4.938475327929691e+25,-9.613938540731622e+25,-8.417134284948757e+25
144.84484484484483,4.938475327929691e+25,-9.511639660340656e+25,-8.341821660243538e+25
145.54554554554554,4.938475327929691e+25,-9.410717691790132e+25,-8.267409315408414e+25
146.24624624624624,4.938475327929691e+25,-9.311145757441428e+25,-8.193881430712787e+25
146.94694694694695,4.938475327929691e+25,-9.212897660294866e+25,-8.121222553097774e+25
147.64764764764766,4.938475327929691e+25,-9.115947862936008e+25,-8.049417585653135e+25
148.34834834834834,4.938475327929691e+25,-9.02027146724793e+25,-7.978451777453382e+25
149.04904904904905,4.938475327929691e+25,-8.92584419485756e+25,-7.90831071373867e+25
149.74974974974975,4.938475327929691e+25,-8.832642368285744e+25,-7.838980306427171e+25
150.45045045045043,4.938475327929691e+25,-8.74064289277179e+25,-7.770446784945873e+25
151.15115115115114,4.938475327929691e+25,-8.649823238745064e+25,-7.7026966873674105e+25
151.85185185185185,4.938475327929691e+25,-8.560161424917025e+25,-7.635716851841237e+25
152.55255255255256,4.938475327929691e+25,-8.471636001968612e+25,-7.569494408307735e+25
153.25325325325326,4.938475327929691e+25,-8.384226036808957e+25,-7.50401677048449e+25
153.95395395395394,4.938475327929691e+25,-8.297911097382377e+25,-7.439271628114399e+25
154.65465465465465,4.938475327929691e+25,-8.212671238001866e+25,-7.375246939465687e+25
155.35535535535536,4.938475327929691e+25,-8.128486985188074e+25,-7.311930924074418e+25
156.05605605605604,4.938475327929691e+25,-8.045339323993793e+25,-7.2493120557203624e+25
156.75675675675677,4.938475327929691e+25,-7.963209684794867e+25,-7.187379055627584e+25
157.45745745745745,4.938475327929691e+25,-7.882079930529334e+25,-7.126120885881404e+25
158.15815815815816,4.938475327929691e+25,-7.80193234436717e+25,-7.065526743053812e+25
158.85885885885887,4.938475327929691e+25,-7.722749617794194e+25,-7.005586052029643e+25
159.55955955955955,4.938475327929691e+25,-7.6445148390939835e+25,-6.94628846002622e+25
160.26026026026025,4.938475327929691e+25,-7.567211482212616e+25,-6.8876238307994535e+25
160.96096096096096,4.938475327929691e+25,-7.490823395991642e+25,-6.829582239029686e+25
161.66166166166167,4.938475327929691e+25,-7.415334793755277e+25,-6.772153964880745e+25
162.36236236236238,4.938475327929691e+25,-7.3407302432384694e+25,-6.715329488726147e+25
163.06306306306305,4.938475327929691e+25,-7.266994656842991e+25,-6.6590994860364204e+25
163.76376376376376,4.938475327929691e+25,-7.194113282209314e+25,-6.603454822421839e+25
164.46446446446447,4.938475327929691e+25,-7.122071693092525e+25,-6.548386548825176e+25
165.16516516516515,4.938475327929691e+25,-7.0508557805309886e+25,-6.493885896859153e+25
165.86586586586586,4.938475327929691e+25,-6.980451744296998e+25,-6.4399442742835385e+25
166.56656656656656,4.938475327929691e+25,-6.910846084619085e+25,-6.386553260617157e+25
167.26726726726727,4.938475327929691e+25,-6.842025594166021e+25,-6.333704602879975e+25
167.96796796796798,4.938475327929691e+25,-6.773977350283046e+25,-6.2813902114609575e+25
168.66866866866866,4.938475327929691e+25,-6.706688707471219e+25,-6.229602156107325e+25
169.36936936936937,4.938475327929691e+25,-6.6401472901011005e+25,-6.1783326620310545e+25
170.07007007007007,4.938475327929691e+25,-6.574340985352424e+25,-6.127574106128716e+25
170.77077077077075,4.938475327929691e+25,-6.509257936371657e+25,-6.0773190133108075e+25
171.4714714714715,4.938475327929691e+25,-6.444886535639773e+25,-6.0275600529368325e+25
172.17217217217217,4.938475327929691e+25,-6.38121541854278e+25,-5.978290035352774e+25
172.87287287287288,4.938475327929691e+25,-6.318233457137853e+25,-5.929501908527329e+25
173.57357357357358,4.938475327929691e+25,-6.255929754108351e+25,-5.881188754783844e+25
174.27427427427426,4.938475327929691e+25,-6.1942936369009655e+25,-5.833343787624652e+25
174.97497497497497,4.938475327929691e+25,-6.133314652038848e+25,-5.785960348644892e+25
175.67567567567568,4.938475327929691e+25,-6.0729825596045515e+25,-5.73903190453281e+25
176.37637637637636,4.938475327929691e+25,-6.013287327887001e+25,-5.692552044153768e+25
177.0770770770771,4.938475327929691e+25,-5.954219128186841e+25,-5.64651447571525e+25
177.77777777777777,4.938475327929691e+25,-5.895768329774856e+25,-5.600913024010293e+25
178.47847847847848,4.938475327929691e+25,-5.837925494998148e+25,-5.555741627736734e+25
179.1791791791792,4.938475327929691e+25,-5.780681374529245e+25,-5.510994336889989e+25
179.87987987987987,4.938475327929691e+25,-5.7240269027532096e+25,-5.466665310226891e+25
180.58058058058057,4.938475327929691e+25,-5.667953193288193e+25,-5.422748812798454e+25
181.28128128128128,4.938475327929691e+25,-5.612451534635024e+25,-5.3792392135493155e+25
181.98198198198196,4.938475327929691e+25,-5.557513385951484e+25,-5.336130982981856e+25
182.6826826826827,4.938475327929691e+25,-5.503130372947217e+25,-5.293418690882822e+25
183.38338338338338,4.938475327929691e+25,-5.4492942838953e+25,-5.251097004110716e+25
184.08408408408408,4.938475327929691e+25,-5.395997065756622e+25,-5.2091606844418775e+25
184.7847847847848,4.938475327929691e+25,-5.343230820413492e+25,-5.167604586473626e+25
185.48548548548547,4.938475327929691e+25,-5.290987801008795e+25,-5.126423655582549e+25
186.18618618618618,4.938475327929691e+25,-5.23926040838743e+25,-5.085612925936378e+25
186.88688688688688,4.938475327929691e+25,-5.188041187636666e+25,-5.045167518557767e+25
187.58758758758756,4.938475327929691e+25,-5.137322824722264e+25,-5.0050826394383985e+25
188.2882882882883,4.938475327929691e+25,-5.087098143217309e+25,-4.965353577701941e+25
188.98898898898898,4.938475327929691e+25,-5.037360101120869e+25,-4.925975703814329e+25
189.6896896896897,4.938475327929691e+25,-4.988101787763516e+25,-4.886944467840028e+25
190.3903903903904,4.938475327929691e+25,-4.93931642079713e+25,-4.848255397742824e+25
191.09109109109107,4.938475327929691e+25,-4.890997343266237e+25,-4.809904097729915e+25
191.7917917917918,4.938475327929691e+25,-4.843138020758358e+25,-4.771886246637952e+25
192.4924924924925,4.938475327929691e+25,-4.7957320386309876e+25,-4.7341975963598424e+25
193.1931931931932,4.938475327929691e+25,-4.748773099312689e+25,-4.696833970311074e+25
193.8938938938939,4.938475327929691e+25,-4.702255019676173e+25,-4.659791261934463e+25
194.59459459459458,4.938475327929691e+25,-4.6561717284810725e+25,-4.623065433242204e+25
195.2952952952953,4.938475327929691e+25,-4.6105172638842645e+25,-4.586652513394049e+25
195.995995995996,4.938475327929691e+25,-4.56528577101576e+25,-4.550548597310749e+25
196.69669669669668,4.938475327929691e+25,-4.520471499618084e+25,-4.5147498443215595e+25
197.3973973973974,4.938475327929691e+25,-4.476068801747317e+25,-4.479252476844994e+25
198.0980980980981,4.938475327929691e+25,-4.432072129533888e+25,-4.444052779101762e+25
198.7987987987988,4.938475327929691e+25,-4.388476033001316e+25,-4.409147095859047e+25
199.4994994994995,4.938475327929691e+25,-4.345275157941246e+25,-4.374531831205232e+25
200.2002002002002,4.938475327929691e+25,-4.302464243843035e+25,-4.340203447354182e+25
200.9009009009009,4.938475327929691e+25,-4.260038121876297e+25,-4.306158463478293e+25
201.6016016016016,4.938475327929691e+25,-4.217991712924875e+25,-4.2723934545695004e+25
202.30230230230228,4.938475327929691e+25,-4.17632002567067e+25,-4.238905050327429e+25
203.00300300300302,4.938475327929691e+25,-4.13501815472593e+25,-4.205689934074002e+25
203.7037037037037,4.938475327929691e+25,-4.094081278812569e+25,-4.172744841693721e+25
204.4044044044044,4.938475327929691e+25,-4.053504658987096e+25,-4.140066560598934e+25
205.1051051051051,4.938475327929691e+25,-4.013283636909965e+25,-4.107651928719417e+25
205.8058058058058,4.938475327929691e+25,-3.9734136331579e+25,-4.075497833515599e+25
206.5065065065065,4.938475327929691e+25,-3.933890145578122e+25,-4.043601211014763e+25
207.2072072072072,4.938475327929691e+25,-3.894708747683154e+25,-4.01195904486965e+25
207.90790790790788,4.938475327929691e+25,-3.8558650870851597e+25,-3.980568365438843e+25
208.60860860860862,4.938475327929691e+25,-3.817354883968569e+25,-3.949426248888304e+25
209.3093093093093,4.938475327929691e+25,-3.779173929600065e+25,-3.918529816313593e+25
210.01001001001,4.938475327929691e+25,-3.741318084874714e+25,-3.887876232882086e+25
210.7107107107107,4.938475327929691e+25,-3.70378327889737e+25,-3.8574627069948073e+25
211.4114114114114,4.938475327929691e+25,-3.6665655075982648e+25,-3.8272864894672554e+25
212.1121121121121,4.938475327929691e+25,-3.6296608323819052e+25,-3.7973448727287427e+25
212.8128128128128,4.938475327929691e+25,-3.593065378808299e+25,-3.7676351900397787e+25
213.51351351351352,4.938475327929691e+25,-3.5567753353056777e+25,-3.7381548147270478e+25
214.21421421421422,4.938475327929691e+25,-3.52078695191376e+25,-3.708901159435462e+25
214.9149149149149,4.938475327929691e+25,-3.485096539056828e+25,-3.679871675396892e+25
215.6156156156156,4.938475327929691e+25,-3.449700466345706e+25,-3.6510638517151097e+25
216.31631631631632,4.938475327929691e+25,-3.4145951614079334e+25,-3.6224752146666007e+25
217.017017017017,4.938475327929691e+25,-3.379777108745287e+25,-3.5941033270167303e+25
217.71771771771773,4.938475327929691e+25,-3.3452428486180026e+25,-3.5659457873509474e+25
218.4184184184184,4.938475327929691e+25,-3.310988975954908e+25,-3.538000229420625e+25
219.11911911911912,4.938475327929691e+25,-3.2770121392887932e+25,-3.510264321503161e+25
219.81981981981983,4.938475327929691e+25,-3.24330903971637e+25,-3.4827357657759475e+25
220.5205205205205,4.938475327929691e+25,-3.209876429882136e+25,-3.4554122977039682e+25
221.2212212212212,4.938475327929691e+25,-3.1767111129854857e+25,-3.4282916854404933e+25
221.92192192192192,4.938475327929691e+25,-3.143809941810554e+25,-3.4013717292407556e+25
222.6226226226226,4.938475327929691e+25,-3.1111698177780647e+25,-3.3746502608881237e+25
223.32332332332334,4.938475327929691e+25,-3.0787876900186765e+25,-3.3481251431325354e+25
224.02402402402402,4.938475327929691e+25,-3.04666055446731e+25,-3.321794269140894e+25
224.72472472472472,4.938475327929691e+25,-3.014785452977763e+25,-3.295655561959063e+25
225.42542542542543,4.938475327929691e+25,-2.983159472457266e+25,-3.2697069739852744e+25
226.1261261261261,4.938475327929691e+25,-2.951779744020336e+25,-3.2439464864545747e+25
226.82682682682682,4.938475327929691e+25,-2.9206434421614373e+25,-3.218372108934124e+25
227.52752752752752,4.938475327929691e+25,-2.8897477839460796e+25,-3.192981878829002e+25
228.22822822822823,4.938475327929691e+25,-2.8590900282197248e+25,-3.1677738608983195e+25
228.9289289289289,4.938475327929691e+25,-2.8286674748341714e+25,-3.1427461467814103e+25
229.62962962962962,4.938475327929691e+25,-2.7984774638908865e+25,-3.1178968545337507e+25
230.33033033033033,4.938475327929691e+25,-2.7685173750009344e+25,-3.0932241281725094e+25
231.03103103103103,4.938475327929691e+25,-2.738784626561012e+25,-3.0687261372313973e+25
231.7317317317317,4.938475327929691e+25,-2.709276675045234e+25,-3.044401076324663e+25
232.43243243243242,4.938475327929691e+25,-2.679991014312238e+25,-3.020247164719946e+25
233.13313313313313,4.938475327929691e+25,-2.6509251749272536e+25,-2.996262645919825e+25
233.83383383383384,4.938475327929691e+25,-2.6220767234987667e+25,-2.972445787251905e+25
234.53453453453454,4.938475327929691e+25,-2.5934432620293615e+25,-2.9487948794670944e+25
235.23523523523522,4.938475327929691e+25,-2.5650224272804784e+25,-2.925308236346028e+25
235.93593593593593,4.938475327929691e+25,-2.5368118901506644e+25,-2.9019841943133854e+25
236.63663663663664,4.938475327929691e+25,-2.5088093550670178e+25,-2.8788211120599053e+25
237.33733733733735,4.938475327929691e+25,-2.481012559389537e+25,-2.8558173701719234e+25
238.03803803803802,4.938475327929691e+25,-2.453419272827962e+25,-2.832971370768337e+25
238.73873873873873,4.938475327929691e+25,-2.426027296870938e+25,-2.810281537144657e+25
239.43943943943944,4.938475327929691e+25,-2.398834464227065e+25,-2.7877463134241817e+25
240.14014014014015,4.938475327929691e+25,-2.371838638277663e+25,-2.7653641642159793e+25
240.84084084084083,4.938475327929691e+25,-2.3450377125408848e+25,-2.743133574279588e+25
241.54154154154153,4.938475327929691e+25,-2.318429610146958e+25,-2.721053048196284e+25
242.24224224224224,4.938475327929691e+25,-2.2920122833242593e+25,-2.699121110046739e+25
242.94294294294295,4.938475327929691e+25,-2.265783712895982e+25,-2.6773363030949625e+25
243.64364364364363,4.938475327929691e+25,-2.239741907787134e+25,-2.6556971894783165e+25
244.34434434434434,4.938475327929691e+25,-2.213884904541604e+25,-2.6342023499035644e+25
245.04504504504504,4.938475327929691e+25,-2.188210766849115e+25,-2.612850383348755e+25
245.74574574574575,4.938475327929691e+25,-2.1627175850817654e+25,-2.5916399067707856e+25
246.44644644644643,4.938475327929691e+25,-2.13740347583997e+25,-2.5705695548186084e+25
247.14714714714714,4.938475327929691e+25,-2.1122665815075687e+25,-2.5496379795518628e+25
247.84784784784785,4.938475327929691e+25,-2.087305069815901e+25,-2.5288438501648673e+25
248.54854854854855,4.938475327929691e+25,-2.0625171334166327e+25,-2.5081858527158564e+25
249.24924924924923,4.938475327929691e+25,-2.03790098946311e+25,-2.4876626898612942e+25
249.94994994994994,4.938475327929691e+25,-2.013454879200078e+25,-2.4672730805951932e+25
250.65065065065065,4.938475327929691e+25,-1.98917706756156e+25,-2.4470157599933743e+25
251.35135135135135,4.938475327929691e+25,-1.9650658427766857e+25,-2.4268894789624177e+25
252.05205205205203,4.938475327929691e+25,-1.9411195159833274e+25,-2.4068930039934025e+25
252.75275275275274,4.938475327929691e+25,-1.917336420849332e+25,-2.3870251169201108e+25
253.45345345345345,4.938475327929691e+25,-1.893714913201195e+25,-2.3672846146818196e+25
254.15415415415416,4.938475327929691e+25,-1.8702533706600004e+25,-2.347670309090398e+25
254.85485485485484,4.938475327929691e+25,-1.8469501922844568e+25,-2.3281810266017246e+25
255.55555555555554,4.938475327929691e+25,-1.8238037982208935e+25,-2.3088156080913104e+25
256.2562562562563,4.938475327929691e+25,-1.8008126293600163e+25,-2.289572908633996e+25
256.95695695695696,4.938475327929691e+25,-1.7779751470003315e+25,-2.270451797287715e+25
257.65765765765764,4.938475327929691e+25,-1.75528983251802e+25,-2.2514511568811484e+25
258.3583583583584,4.938475327929691e+25,-1.7327551870431864e+25,-2.232569883805254e+25
259.05905905905905,4.938475327929691e+25,-1.7103697311422815e+25,-2.2138068878085833e+25
259.75975975975973,4.938475327929691e+25,-1.6881320045066085e+25,-2.195161091796237e+25
260.46046046046047,4.938475327929691e+25,-1.666040565646757e+25,-2.1766314316324987e+25
261.16116116116115,4.938475327929691e+25,-1.6440939915928148e+25,-2.1582168559469496e+25
261.8618618618618,4.938475327929691e+25,-1.6222908776002883e+25,-2.1399163259440868e+25
262.56256256256256,4.938475327929691e+25,-1.6006298368615303e+25,-2.121728815216317e+25
263.2632632632633,4.938475327929691e+25,-1.5791095002226402e+25,-2.1036533095603026e+25
263.9639639639639,4.938475327929691e+25,-1.5577285159056312e+25,-2.085688806796489e+25
264.66466466466466,4.938475327929691e+25,-1.536485549235808e+25,-2.0678343165919094e+25
265.3653653653654,4.938475327929691e+25,-1.5153792823742445e+25,-2.050088860286048e+25
266.06606606606607,4.938475327929691e+25,-1.494408414055208e+25,-2.0324514707198e+25
266.76676676676675,4.938475327929691e+25,-1.4735716593284493e+25,-2.014921192067376e+25
267.4674674674675,4.938475327929691e+25,-1.4528677493062771e+25,-1.9974970796712086e+25
268.16816816816817,4.938475327929691e+25,-1.432295430915276e+25,-1.980178199879679e+25
268.86886886886884,4.938475327929691e+25,-1.4118534666525802e+25,-1.962963629887688e+25
269.5695695695696,4.938475327929691e+25,-1.3915406343466096e+25,-1.9458524575799697e+25
270.27027027027026,4.938475327929691e+25,-1.3713557269222133e+25,-1.9288437813771398e+25
270.97097097097094,4.938475327929691e+25,-1.351297552170021e+25,-1.9119367100843533e+25
271.6716716716717,4.938475327929691e+25,-1.3313649325200425e+25,-1.8951303627425822e+25
272.37237237237235,4.938475327929691e+25,-1.3115567048193373e+25,-1.8784238684824387e+25
273.07307307307303,4.938475327929691e+25,-1.2918717201136934e+25,-1.8618163663804928e+25
273.77377377377377,4.938475327929691e+25,-1.2723088434332571e+25,-1.8453070053180367e+25
274.4744744744745,4.938475327929691e+25,-1.2528669535819926e+25,-1.8288949438422121e+25
275.1751751751751,4.938475327929691e+25,-1.2335449429309136e+25,-1.8125793500295694e+25
275.87587587587586,4.938475327929691e+25,-1.2143417172149844e+25,-1.7963594013518216e+25
276.5765765765766,4.938475327929691e+25,-1.1952561953337013e+25,-1.78023428454395e+25
277.2772772772773,4.938475327929691e+25,-1.1762873091551154e+25,-1.7642031954744656e+25
277.97797797797796,4.938475327929691e+25,-1.157434003323403e+25,-1.748265339017876e+25
278.6786786786787,4.938475327929691e+25,-1.1386952350697978e+25,-1.7324199289292547e+25
279.3793793793794,4.938475327929691e+25,-1.1200699740268437e+25,-1.7166661877209147e+25
280.08008008008005,4.938475327929691e+25,-1.1015572020459246e+25,-1.7010033465411377e+25
280.7807807807808,4.938475327929691e+25,-1.083155913017955e+25,-1.6854306450548551e+25
281.48148148148147,4.938475327929691e+25,-1.0648651126972636e+25,-1.6699473313264045e+25
282.18218218218215,4.938475327929691e+25,-1.046683818528454e+25,-1.65455266170408e+25
282.8828828828829,4.938475327929691e+25,-1.028611059476334e+25,-1.6392459007067139e+25
283.5835835835836,4.938475327929691e+25,-1.0106458758587657e+25,-1.6240263209120005e+25
284.28428428428424,4.938475327929691e+25,-9.927873191824036e+24,-1.608893202846747e+25
284.984984984985,4.938475327929691e+25,-9.750344519812385e+24,-1.5938458348787858e+25
285.6856856856857,4.938475327929691e+25,-9.573863476579426e+24,-1.5788835131107898e+25
286.3863863863864,4.938475327929691e+25,-9.398420903279224e+24,-1.5640055412756818e+25
287.08708708708707,4.938475327929691e+25,-9.224007746660001e+24,-1.5492112306338192e+25
287.7877877877878,4.938475327929691e+25,-9.050615057557542e+24,-1.5344998998717652e+25
288.4884884884885,4.938475327929691e+25,-8.878233989413803e+24,-1.5198708750027411e+25
289.18918918918916,4.938475327929691e+25,-8.706855796820747e+24,-1.5053234892686584e+25
289.8898898898899,4.938475327929691e+25,-8.536471834088653e+24,-1.4908570830437026e+25
290.5905905905906,4.938475327929691e+25,-8.367073553838844e+24,-1.4764710037394713e+25
291.29129129129126,4.938475327929691e+25,-8.198652505619394e+24,-1.4621646057115947e+25
291.991991991992,4.938475327929691e+25,-8.031200334544753e+24,-1.4479372501678755e+25
292.6926926926927,4.938475327929691e+25,-7.864708779957639e+24,-1.433788305077853e+25
293.39339339339335,4.938475327929691e+25,-7.69916967411332e+24,-1.4197171450838066e+25
294.0940940940941,4.938475327929691e+25,-7.534574940885673e+24,-1.4057231514131328e+25
294.7947947947948,4.938475327929691e+25,-7.37091659449499e+24,-1.3918057117921592e+25
295.49549549549545,4.938475327929691e+25,-7.208186738256358e+24,-1.3779642203612164e+25
296.1961961961962,4.938475327929691e+25,-7.046377563348904e+24,-1.364198077591126e+25
296.8968968968969,4.938475327929691e+25,-6.885481347605414e+24,-1.350506690200939e+25
297.5975975975976,4.938475327929691e+25,-6.725490454321395e+24,-1.3368894710769432e+25
298.2982982982983,4.938475327929691e+25,-6.566397331084024e+24,-1.3233458391929715e+25
298.998998998999,4.938475327929691e+25,-6.408194508619846e+24,-1.3098752195319043e+25
299.6996996996997,4.938475327929691e+25,-6.250874599661487e+24,-1.2964770430083683e+25
300.4004004004004,4.938475327929691e+25,-6.094430297832549e+24,-1.2831507463926842e+25
301.1011011011011,4.938475327929691e+25,-5.938854376550715e+24,-1.2698957722359121e+25
301.8018018018018,4.938475327929691e+25,-5.784139687948372e+24,-1.2567115687960969e+25
302.50250250250247,4.938475327929691e+25,-5.630279161810666e+24,-1.2435975899655904e+25
303.2032032032032,4.938475327929691e+25,-5.47726580453088e+24,-1.2305532951995353e+25
303.90390390390394,4.938475327929691e+25,-5.325092698081914e+24,-1.2175781494453708e+25
304.60460460460456,4.938475327929691e+25,-5.173752999005008e+24,-1.2046716230734754e+25
305.3053053053053,4.938475327929691e+25,-5.023239937413713e+24,-1.1918331918087821e+25
306.00600600600603,4.938475327929691e+25,-4.873546816014486e+24,-1.1790623366634951e+25
306.7067067067067,4.938475327929691e+25,-4.724667009142238e+24,-1.1663585438707762e+25
307.4074074074074,4.938475327929691e+25,-4.5765939618112776e+24,-1.1537213048194072e+25
308.1081081081081,4.938475327929691e+25,-4.4293211887815005e+24,-1.1411501159895079e+25
308.8088088088088,4.938475327929691e+25,-4.2828422736387565e+24,-1.128644478889108e+25
309.5095095095095,4.938475327929691e+25,-4.1371508678902177e+24,-1.116203899991748e+25
310.2102102102102,4.938475327929691e+25,-3.9922406900733313e+24,-1.1038278906749805e+25
310.9109109109109,4.938475327929691e+25,-3.848105524879169e+24,-1.0915159671597428e+25
311.6116116116116,4.938475327929691e+25,-3.704739222289138e+24,-1.0792676504506787e+25
312.3123123123123,4.938475327929691e+25,-3.562135696725172e+24,-1.0670824662773396e+25
313.013013013013,4.938475327929691e+25,-3.420288926213102e+24,-1.0549599450361827e+25
313.7137137137137,4.938475327929691e+25,-3.279192951559018e+24,-1.0428996217335001e+25
314.4144144144144,4.938475327929691e+25,-3.1388418755381433e+24,-1.0309010359291452e+25
315.11511511511515,4.938475327929691e+25,-2.999229862096454e+24,-1.0189637316810625e+25
315.81581581581577,4.938475327929691e+25,-2.860351135564318e+24,-1.0070872574906911e+25
316.5165165165165,4.938475327929691e+25,-2.7221999798821707e+24,-9.952711662490584e+24
317.21721721721724,4.938475327929691e+25,-2.58477073783822e+24,-9.83515015183761e+24
317.9179179179179,4.938475327929691e+25,-2.448057810317576e+24,-9.718183658066313e+24
318.6186186186186,4.938475327929691e+25,-2.3120556555628245e+24,-9.601807838622151e+24
319.31931931931933,4.938475327929691e+25,-2.176758788445804e+24,-9.486018392769517e+24
320.02002002002,4.938475327929691e+25,-2.0421617797504504e+24,-9.370811061090986e+24
320.7207207207207,4.938475327929691e+25,-1.908259255466361e+24,-9.256181624993703e+24
321.4214214214214,4.938475327929691e+25,-1.775045896093046e+24,-9.142125906222937e+24
322.1221221221221,4.938475327929691e+25,-1.6425164359546233e+24,-9.028639766382371e+24
322.8228228228228,4.938475327929691e+25,-1.5106656625248002e+24,-8.915719106461395e+24
323.5235235235235,4.938475327929691e+25,-1.379488415761751e+24,-8.803359866368799e+24
324.2242242242242,4.938475327929691e+25,-1.2489795874532288e+24,-8.691558024473674e+24
324.9249249249249,4.938475327929691e+25,-1.1191341205711125e+24,-8.580309597151895e+24
325.6256256256256,4.938475327929691e+25,-9.899470086357006e+23,-8.469610638339935e+24
326.32632632632635,4.938475327929691e+25,-8.614132950892646e+23,-8.359457239094214e+24
327.02702702702703,4.938475327929691e+25,-7.335280726790337e+23,-8.249845527157095e+24
327.7277277277277,4.938475327929691e+25,-6.062864828490936e+23,-8.140771666528545e+24
328.42842842842845,4.938475327929691e+25,-4.7968371514133396e+23,-8.032231857044367e+24
329.1291291291291,4.938475327929691e+25,-3.5371500660509265e+23,-7.924222333959495e+24
329.8298298298298,4.938475327929691e+25,-2.2837564121545692e+23,-7.81673936753783e+24
330.53053053053054,4.938475327929691e+25,-1.0366094929999046e+23,-7.709779262647303e+24
331.2312312312312,4.938475327929691e+25,2.0433693025923018e+22,-7.603338358360694e+24
331.9319319319319,4.938475327929691e+25,1.4391286441607376e+23,-7.497413027561877e+24
332.63263263263264,4.938475327929691e+25,2.667810988417089e+23,-7.391999676557661e+24
333.3333333333333,4.938475327929691e+25,3.8904288613250916e+23,-7.287094744694872e+24
334.034034034034,4.938475327929691e+25,5.1070267250922125e+23,-7.182694703982405e+24
334.73473473473473,4.938475327929691e+25,6.317648611091347e+23,-7.078796058718889e+24
335.43543543543547,4.938475327929691e+25,7.522338125035977e+23,-6.975395345125215e+24
336.1361361361361,4.938475327929691e+25,8.72113845208321e+23,-6.872489130982027e+24
336.8368368368368,4.938475327929691e+25,9.914092361865125e+23,-6.770074015272139e+24
337.53753753753756,4.938475327929691e+25,1.1101242213445186e+24,-6.668146627827959e+24
338.23823823823824,4.938475327929691e+25,1.2282629960207128e+24,-6.566703628983421e+24
338.9389389389389,4.938475327929691e+25,1.345829715467389e+24,-6.465741709230888e+24
339.63963963963965,4.938475327929691e+25,1.4628284953256644e+24,-6.365257588882364e+24
340.34034034034033,4.938475327929691e+25,1.5792634120938915e+24,-6.265248017735591e+24
341.041041041041,4.938475327929691e+25,1.6951385035893537e+24,-6.165709774744293e+24
341.74174174174175,4.938475327929691e+25,1.8104577694035108e+24,-6.066639667693127e+24
342.4424424424424,4.938475327929691e+25,1.9252251713509027e+24,-5.96803453287667e+24
343.1431431431431,4.938475327929691e+25,2.0394446339116302e+24,-5.869891234782905e+24
343.84384384384384,4.938475327929691e+25,2.1531200446678004e+24,-5.772206665780898e+24
344.5445445445445,4.938475327929691e+25,2.2662552547339e+24,-5.674977745812514e+24
345.2452452452452,4.938475327929691e+25,2.3788540791810423e+24,-5.57820142208804e+24
345.94594594594594,4.938475327929691e+25,2.4909202974554556e+24,-5.481874668786319e+24
346.6466466466467,4.938475327929691e+25,2.6024576537911833e+24,-5.385994486758361e+24
347.34734734734735,4.938475327929691e+25,2.713469857617009e+24,-5.290557903235247e+24
348.04804804804803,4.938475327929691e+25,2.8239605839578634e+24,-5.195561971539152e+24
348.74874874874877,4.938475327929691e+25,2.933933473830662e+24,-5.10100377079916e+24
349.44944944944945,4.938475327929691e+25,3.043392134634709e+24,-5.006880405670034e+24
350.1501501501501,4.938475327929691e+25,3.152340140536762e+24,-4.913189006054683e+24
350.85085085085086,4.938475327929691e+25,3.260781032851e+24,-4.819926726830808e+24
351.55155155155154,4.938475327929691e+25,3.368718320413389e+24,-4.727090747580422e+24
352.2522522522522,4.938475327929691e+25,3.476155479951594e+24,-4.6346782723231624e+24
352.95295295295296,4.938475327929691e+25,3.583095956449223e+24,-4.542686529253266e+24
353.65365365365363,4.938475327929691e+25,3.689543163505596e+24,-4.451112770479344e+24
354.3543543543543,4.938475327929691e+25,3.795500483690546e+24,-4.359954271768215e+24
355.05505505505505,4.938475327929691e+25,3.900971268894226e+24,-4.269208332291355e+24
355.7557557557558,4.938475327929691e+25,4.0059588406725594e+24,-4.1788722743752514e+24
356.45645645645646,4.938475327929691e+25,4.1104664905877893e+24,-4.0889434432540934e+24
357.15715715715714,4.938475327929691e+25,4.2144974805445823e+24,-3.999419206826675e+24
357.8578578578578,4.938475327929691e+25,4.3180550431216584e+24,-3.9102969554154657e+24
358.55855855855856,4.938475327929691e+25,4.4211423818989293e+24,-3.82157410152919e+24
359.25925925925924,4.938475327929691e+25,4.52376267178031e+24,-3.7332480796284817e+24
359.95995995996,4.938475327929691e+25,4.6259190593123196e+24,-3.645316345894021e+24
360.66066066066065,4.938475327929691e+25,4.727614662998325e+24,-3.5577763779982687e+24
361.36136136136133,4.938475327929691e+25,4.8288525736088085e+24,-3.470625674879549e+24
362.06206206206207,4.938475327929691e+25,4.929635854487411e+24,-3.383861756519178e+24
362.76276276276275,4.938475327929691e+25,5.029967541852893e+24,-3.29748216372119e+24
363.4634634634634,4.938475327929691e+25,5.12985064509742e+24,-3.2114844578954325e+24
364.16416416416416,4.938475327929691e+25,5.229288147080525e+24,-3.125866220842319e+24
364.86486486486484,4.938475327929691e+25,5.328283004419615e+24,-3.040625054541416e+24
365.5655655655656,4.938475327929691e+25,5.42683814777647e+24,-2.955758580941717e+24
366.26626626626626,4.938475327929691e+25,5.524956482139998e+24,-2.871264441755112e+24
366.96696696696694,4.938475327929691e+25,5.622640887105472e+24,-2.787140298252038e+24
367.6676676676677,4.938475327929691e+25,5.719894217150058e+24,-2.703383831059964e+24
368.36836836836835,4.938475327929691e+25,5.816719301904662e+24,-2.6199927399642755e+24
369.0690690690691,4.938475327929691e+25,5.913118946422531e+24,-2.536964743711296e+24
369.76976976976977,4.938475327929691e+25,6.009095931444147e+24,-2.4542975798142724e+24
370.47047047047045,4.938475327929691e+25,6.104653013658828e+24,-2.3719890043611592e+24
371.1711711711712,4.938475327929691e+25,6.199792925963042e+24,-2.2900367918252938e+24
371.87187187187186,4.938475327929691e+25,6.294518377715207e+24,-2.2084387348780326e+24
372.57257257257254,4.938475327929691e+25,6.388832054987486e+24,-2.1271926442037755e+24
373.2732732732733,4.938475327929691e+25,6.482736620814077e+24,-2.0462963483170484e+24
373.97397397397395,4.938475327929691e+25,6.576234715436762e+24,-1.9657476933823527e+24
374.6746746746747,4.938475327929691e+25,6.669328956546857e+24,-1.8855445430355416e+24
375.37537537537537,4.938475327929691e+25,6.762021939524397e+24,-1.8056847782076907e+24
376.07607607607605,4.938475327929691e+25,6.854316237674367e+24,-1.7261662969511464e+24
376.7767767767768,4.938475327929691e+25,6.94621440245963e+24,-1.6469870142674227e+24
377.47747747747746,4.938475327929691e+25,7.037718963731172e+24,-1.5681448619374768e+24
378.17817817817814,4.938475327929691e+25,7.128832429955431e+24,-1.4896377883536053e+24
378.8788788788789,4.938475327929691e+25,7.219557288438686e+24,-1.4114637583537872e+24
379.57957957957956,4.938475327929691e+25,7.309896005548652e+24,-1.3336207530578423e+24
380.2802802802803,4.938475327929691e+25,7.399851026933443e+24,-1.2561067697052933e+24
380.980980980981,4.938475327929691e+25,7.489424777737658e+24,-1.1789198214955916e+24
381.68168168168165,4.938475327929691e+25,7.578619662815682e+24,-1.1020579374298715e+24
382.3823823823824,4.938475327929691e+25,7.667438066942738e+24,-1.025519162154855e+24
383.08308308308307,4.938475327929691e+25,7.755882355022876e+24,-9.493015558083716e+23
383.78378378378375,4.938475327929691e+25,7.843954872294581e+24,-8.734031938667501e+23
384.4844844844845,4.938475327929691e+25,7.931657944533971e+24,-7.978221669942857e+23
385.18518518518516,4.938475327929691e+25,8.018993878255267e+24,-7.225565808940568e+23
385.8858858858859,4.938475327929691e+25,8.10596496090885e+24,-6.476045561606859e+23
386.5865865865866,4.938475327929691e+25,8.192573461077085e+24,-5.729642281350334e+23
387.28728728728726,4.938475327929691e+25,8.278821628667433e+24,-4.9863374675998936e+23
387.987987987988,4.938475327929691e+25,8.364711695103496e+24,-4.2461127643873905e+23
388.68868868868867,4.938475327929691e+25,8.450245873513505e+24,-3.508949958941621e+23
389.38938938938935,4.938475327929691e+25,8.535426358916684e+24,-2.7748309802970136e+23
390.0900900900901,4.938475327929691e+25,8.620255328407292e+24,-2.0437378979258135e+23
390.79079079079077,4.938475327929691e+25,8.704734941336288e+24,-1.3156529203774268e+23
391.4914914914915,4.938475327929691e+25,8.788867339491102e+24,-5.9055839394055265e+22
392.1921921921922,4.938475327929691e+25,8.872654647272886e+24,1.3156319868380231e+22
392.89289289289286,4.938475327929691e+25,8.95609897187209e+24,8.507292396937984e+22
393.5935935935936,4.938475327929691e+25,9.039202403441248e+24,1.5669569774772672e+23
394.2942942942943,4.938475327929691e+25,9.121967015266474e+24,2.2802635278976577e+23
394.994994994995,4.938475327929691e+25,9.204394863936217e+24,2.9906658755559617e+23
395.6956956956957,4.938475327929691e+25,9.286487989508528e+24,3.6981808750430564e+23
396.39639639639637,4.938475327929691e+25,9.368248415675886e+24,4.402825252176678e+23
397.0970970970971,4.938475327929691e+25,9.449678149928474e+24,5.104615605223888e+23
397.7977977977978,4.938475327929691e+25,9.530779183715169e+24,5.8035684061110853e+23
398.49849849849846,4.938475327929691e+25,9.611553492602817e+24,6.499700001616348e+23
399.1991991991992,4.938475327929691e+25,9.692003036433609e+24,7.193026614556234e+23
399.8998998998999,4.938475327929691e+25,9.77212975948048e+24,7.883564344949584e+23
400.6006006006006,4.938475327929691e+25,9.851935590600804e+24,8.571329171174414e+23
401.3013013013013,4.938475327929691e+25,9.931422443388298e+24,9.256336951111029e+23
402.002002002002,4.938475327929691e+25,1.0010592216322904e+25,9.938603423269936e+23
402.7027027027027,4.938475327929691e+25,1.0089446792919258e+25,1.0618144207908809e+24
403.4034034034034,4.938475327929691e+25,1.0167988041873073e+25,1.1294974808139114e+24
404.10410410410407,4.938475327929691e+25,1.0246217817206156e+25,1.196911061101372e+24
404.8048048048048,4.938475327929691e+25,1.0324137958409473e+25,1.2640566888611174e+24
405.5055055055055,4.938475327929691e+25,1.040175029058461e+25,1.33093587990996e+24
406.2062062062062,4.938475327929691e+25,1.047905662458365e+25,1.3975501387795846e+24
406.9069069069069,4.938475327929691e+25,1.0556058757147483e+25,1.463900958820705e+24
407.6076076076076,4.938475327929691e+25,1.0632758471042232e+25,1.5299898223065238e+24
408.3083083083083,4.938475327929691e+25,1.0709157535194447e+25,1.595818200534855e+24
409.009009009009,4.938475327929691e+25,1.0785257704824595e+25,1.661387553928799e+24
409.70970970970967,4.938475327929691e+25,1.086106072157895e+25,1.7266993321370649e+24
410.4104104104104,4.938475327929691e+25,1.0936568313659981e+25,1.7917549741325827e+24
411.1111111111111,4.938475327929691e+25,1.1011782195955463e+25,1.8565559083100983e+24
411.8118118118118,4.938475327929691e+25,1.1086704070165736e+25,1.921103552583023e+24
412.5125125125125,4.938475327929691e+25,1.1161335624929916e+25,1.985399314478759e+24
413.2132132132132,4.938475327929691e+25,1.1235678535950238e+25,2.0494445912335146e+24
413.9139139139139,4.938475327929691e+25,1.1309734466115453e+25,2.1132407698856849e+24
414.6146146146146,4.938475327929691e+25,1.1383505065622381e+25,2.1767892273682107e+24
415.31531531531533,4.938475327929691e+25,1.1456991972096362e+25,2.2400913306003462e+24
416.016016016016,4.938475327929691e+25,1.1530196810710326e+25,2.3031484365781062e+24
416.7167167167167,4.938475327929691e+25,1.1603121194302354e+25,2.3659618924633827e+24
417.4174174174174,4.938475327929691e+25,1.1675766723492029e+25,2.428533035673157e+24
418.1181181181181,4.938475327929691e+25,1.17481349867956e+25,2.490863193966601e+24
418.8188188188188,4.938475327929691e+25,1.182022756073956e+25,2.552953685532013e+24
419.5195195195195,4.938475327929691e+25,1.1892046009973106e+25,2.6148058190723177e+24
420.2202202202202,4.938475327929691e+25,1.196359188737956e+25,2.676420893890198e+24
420.92092092092093,4.938475327929691e+25,1.2034866734185986e+25,2.7378001999716183e+24
421.6216216216216,4.938475327929691e+25,1.21058720800722e+25,2.7989450180691813e+24
422.3223223223223,4.938475327929691e+25,1.2176609443278267e+25,2.8598566197841364e+24
423.02302302302303,4.938475327929691e+25,1.2247080330710636e+25,2.920536267647492e+24
423.7237237237237,4.938475327929691e+25,1.2317286238047468e+25,2.9809852152005333e+24
424.4244244244244,4.938475327929691e+25,1.2387228649842566e+25,3.0412047070744646e+24
425.1251251251251,4.938475327929691e+25,1.2456909039628227e+25,3.1011959790689756e+24
425.8258258258258,4.938475327929691e+25,1.2526328870016873e+25,3.1609602582300323e+24
426.52652652652654,4.938475327929691e+25,1.2595489592801734e+25,3.2204987629271786e+24
427.2272272272272,4.938475327929691e+25,1.2664392649056262e+25,3.2798127029294516e+24
427.9279279279279,4.938475327929691e+25,1.2733039469232466e+25,3.3389032794811417e+24
428.62862862862863,4.938475327929691e+25,1.2801431473258343e+25,3.3977716853761595e+24
429.3293293293293,4.938475327929691e+25,1.2869570070633952e+25,3.4564191050320936e+24
430.03003003003,4.938475327929691e+25,1.293745666052684e+25,3.514846714563208e+24
430.7307307307307,4.938475327929691e+25,1.3005092631865907e+25,3.573055681852724e+24
431.4314314314314,4.938475327929691e+25,1.3072479363434755e+25,3.631047166624576e+24
432.13213213213214,4.938475327929691e+25,1.3139618223963751e+25,3.688822320514029e+24
432.8328328328328,4.938475327929691e+25,1.3206510572221e+25,3.7463822871379135e+24
433.5335335335335,4.938475327929691e+25,1.3273157757102731e+25,3.803728202163898e+24
434.23423423423424,4.938475327929691e+25,1.3339561117722288e+25,3.8608611933793316e+24
434.9349349349349,4.938475327929691e+25,1.340572198349832e+25,3.9177823807588874e+24
435.6356356356356,4.938475327929691e+25,1.347164167424212e+25,3.9744928765320634e+24
436.33633633633633,4.938475327929691e+25,1.3537321500243907e+25,4.030993785249578e+24
437.037037037037,4.938475327929691e+25,1.360276276235814e+25,4.087286203849352e+24
437.73773773773775,4.938475327929691e+25,1.3667966752088112e+25,4.143371221721635e+24
438.4384384384384,4.938475327929691e+25,1.3732934751669346e+25,4.1992499207734713e+24
439.1391391391391,4.938475327929691e+25,1.379766803415249e+25,4.2549233754926245e+24
439.83983983983984,4.938475327929691e+25,1.3862167863484996e+25,4.3103926530109464e+24
440.5405405405405,4.938475327929691e+25,1.392643549459193e+25,4.3656588131666857e+24
441.24124124124126,4.938475327929691e+25,1.3990472173456263e+25,4.4207229085664706e+24
441.94194194194193,4.938475327929691e+25,1.4054279137198005e+25,4.475585984646788e+24
442.6426426426426,4.938475327929691e+25,1.4117857614152512e+25,4.5302490797344396e+24
443.34334334334335,4.938475327929691e+25,1.4181208823948095e+25,4.5847132251068474e+24
444.044044044044,4.938475327929691e+25,1.4244333977582784e+25,4.6389794450512995e+24
444.7447447447447,4.938475327929691e+25,1.4307234277500228e+25,4.69304875692387e+24
445.44544544544544,4.938475327929691e+25,1.4369910917664876e+25,4.7469221712078235e+24
446.1461461461461,4.938475327929691e+25,1.4432365083636155e+25,4.8006006915710946e+24
446.84684684684686,4.938475327929691e+25,1.449459795264228e+25,4.854085314923558e+24
447.54754754754754,4.938475327929691e+25,1.4556610693652817e+25,4.907377031473416e+24
448.2482482482482,4.938475327929691e+25,1.4618404467450935e+25,4.960476824783283e+24
448.94894894894895,4.938475327929691e+25,1.467998042670447e+25,5.013385671825626e+24
449.64964964964963,4.938475327929691e+25,1.4741339716036708e+25,5.066104543037465e+24
450.3503503503503,4.938475327929691e+25,1.4802483472095927e+25,5.118634402374745e+24
451.05105105105105,4.938475327929691e+25,1.4863412823624783e+25,5.17097620736624e+24
451.7517517517517,4.938475327929691e+25,1.4924128891528433e+25,5.223130909166536e+24
452.45245245245246,4.938475327929691e+25,1.4984632788942365e+25,5.275099452608971e+24
453.15315315315314,4.938475327929691e+25,1.5044925621299242e+25,5.326882776257775e+24
453.8538538538538,4.938475327929691e+25,1.5105008486395342e+25,5.378481812459576e+24
454.55455455455456,4.938475327929691e+25,1.5164882474455984e+25,5.429897487394844e+24
455.25525525525524,4.938475327929691e+25,1.5224548668200584e+25,5.481130721128238e+24
455.9559559559559,4.938475327929691e+25,1.5284008142906884e+25,5.532182427659061e+24
456.65665665665665,4.938475327929691e+25,1.5343261966474497e+25,5.583053514970809e+24
457.35735735735733,4.938475327929691e+25,1.540231119948796e+25,5.633744885080247e+24
458.05805805805807,4.938475327929691e+25,1.546115689527898e+25,5.684257434086302e+24
458.75875875875874,4.938475327929691e+25,1.5519800099988123e+25,5.734592052218152e+24
459.4594594594594,4.938475327929691e+25,1.5578241852625933e+25,5.784749623883056e+24
460.16016016016016,4.938475327929691e+25,1.5636483185133267e+25,5.834731027713757e+24
460.86086086086084,4.938475327929691e+25,1.5694525122441174e+25,5.884537136614921e+24
461.5615615615616,4.938475327929691e+25,1.5752368682530143e+25,5.934168817810066e+24
462.26226226226225,4.938475327929691e+25,1.5810014876488622e+25,5.983626932886994e+24
462.96296296296293,4.938475327929691e+25,1.5867464708571158e+25,6.032912337843716e+24
463.66366366366367,4.938475327929691e+25,1.5924719176255862e+25,6.082025883133176e+24
464.36436436436435,4.938475327929691e+25,1.598177927030107e+25,6.130968413707927e+24
465.065065065065,4.938475327929691e+25,1.6038645974801953e+25,6.179740769064433e+24
465.76576576576576,4.938475327929691e+25,1.6095320267245989e+25,6.228343783286824e+24
466.46646646646644,4.938475327929691e+25,1.6151803118568313e+25,6.276778285090051e+24
467.1671671671672,4.938475327929691e+25,1.6208095493206228e+25,6.325045097863076e+24
467.86786786786786,4.938475327929691e+25,1.6264198349153361e+25,6.373145039711124e+24
468.56856856856854,4.938475327929691e+25,1.6320112638013236e+25,6.421078923497993e+24
469.2692692692693,4.938475327929691e+25,1.6375839305052222e+25,6.468847556887748e+24
469.96996996996995,4.938475327929691e+25,1.6431379289252054e+25,6.516451742385841e+24
470.67067067067063,4.938475327929691e+25,1.6486733523361795e+25,6.563892277380323e+24
471.37137137137137,4.938475327929691e+25,1.6541902933949315e+25,6.611169954182127e+24
472.07207207207205,4.938475327929691e+25,1.6596888441452244e+25,6.658285560065313e+24
472.7727727727728,4.938475327929691e+25,1.6651690960228384e+25,6.705239877306973e+24
473.47347347347346,4.938475327929691e+25,1.6706311398605706e+25,6.752033683226246e+24
474.17417417417414,4.938475327929691e+25,1.676075065893176e+25,6.798667750223858e+24
474.8748748748749,4.938475327929691e+25,1.6815009637622752e+25,6.845142845820289e+24
475.57557557557556,4.938475327929691e+25,1.6869089225211951e+25,6.891459732694343e+24
476.27627627627623,4.938475327929691e+25,1.6922990306397694e+25,6.937619168721115e+24
476.97697697697697,4.938475327929691e+25,1.6976713760091085e+25,6.983621907009342e+24
477.67767767767765,4.938475327929691e+25,1.7030260459462915e+25,7.029468695938841e+24
478.3783783783784,4.938475327929691e+25,1.7083631271990411e+25,7.075160279197268e+24
479.07907907907907,4.938475327929691e+25,1.7136827059503395e+25,7.120697395816603e+24
479.77977977977974,4.938475327929691e+25,1.7189848678230062e+25,7.166080780209619e+24
480.4804804804805,4.938475327929691e+25,1.7242696978842141e+25,7.211311162205485e+24
481.18118118118116,4.938475327929691e+25,1.72953728064999e+25,7.256389267085196e+24
481.8818818818819,4.938475327929691e+25,1.7347877000896457e+25,7.301315815617181e+24
482.5825825825826,4.938475327929691e+25,1.7400210396301881e+25,7.346091524091753e+24
483.28328328328325,4.938475327929691e+25,1.7452373821606668e+25,7.390717104355862e+24
483.983983983984,4.938475327929691e+25,1.7504368100364971e+25,7.435193263847356e+24
484.68468468468467,4.938475327929691e+25,1.7556194050837264e+25,7.479520705628763e+24
485.38538538538535,4.938475327929691e+25,1.7607852486032827e+25,7.523700128420957e+24
486.0860860860861,4.938475327929691e+25,1.7659344213751427e+25,7.567732226636552e+24
486.78678678678676,4.938475327929691e+25,1.771067003662509e+25,7.611617690412645e+24
487.4874874874875,4.938475327929691e+25,1.776183075215906e+25,7.655357205643785e+24
488.1881881881882,4.938475327929691e+25,1.7812827152772646e+25,7.698951454014165e+24
488.88888888888886,4.938475327929691e+25,1.7863660025839562e+25,7.74240111302986e+24
489.5895895895896,4.938475327929691e+25,1.7914330153727843e+25,7.785706856050348e+24
490.2902902902903,4.938475327929691e+25,1.796483831383947e+25,7.828869352320484e+24
490.99099099099095,4.938475327929691e+25,1.8015185278649608e+25,7.871889267001293e+24
491.6916916916917,4.938475327929691e+25,1.8065371815745437e+25,7.914767261201171e+24
492.39239239239237,4.938475327929691e+25,1.8115398687864634e+25,7.957503992006253e+24
493.0930930930931,4.938475327929691e+25,1.816526665293349e+25,8.00010011251128e+24
493.7937937937938,4.938475327929691e+25,1.8214976464104742e+25,8.042556271849245e+24
494.49449449449446,4.938475327929691e+25,1.8264528869794803e+25,8.084873115221452e+24
495.1951951951952,4.938475327929691e+25,1.8313924613721098e+25,8.127051283927088e+24
495.8958958958959,4.938475327929691e+25,1.8363164434938452e+25,8.169091415392446e+24
496.59659659659656,4.938475327929691e+25,1.8412249067875757e+25,8.210994143200004e+24
497.2972972972973,4.938475327929691e+25,1.84611792423718e+25,8.252760097117189e+24
497.99799799799797,4.938475327929691e+25,1.850995568371107e+25,8.294389903124958e+24
498.6986986986987,4.938475327929691e+25,1.8558579112659085e+25,8.335884183446037e+24
499.3993993993994,4.938475327929691e+25,1.8607050245497344e+25,8.377243556572787e+24
500.10010010010006,4.938475327929691e+25,1.8655369794058258e+25,8.418468637295308e+24
500.8008008008008,4.938475327929691e+25,1.8703538465759263e+25,8.459560036728551e+24
501.5015015015015,4.938475327929691e+25,1.875155696363717e+25,8.500518362340028e+24
502.20220220220216,4.938475327929691e+25,1.879942598638165e+25,8.541344217976341e+24
502.9029029029029,4.938475327929691e+25,1.884714622836887e+25,8.582038203890418e+24
503.6036036036036,4.938475327929691e+25,1.8894718379694648e+25,8.62260091676791e+24
504.3043043043043,4.938475327929691e+25,1.8942143126207118e+25,8.663032949753457e+24
505.005005005005,4.938475327929691e+25,1.898942114953941e+25,8.703334892476683e+24
505.70570570570567,4.938475327929691e+25,1.9036553127141807e+25,8.743507331078497e+24
506.4064064064064,4.938475327929691e+25,1.9083539732313813e+25,8.783550848236093e+24
507.1071071071071,4.938475327929691e+25,1.9130381634235585e+25,8.82346602318889e+24
507.8078078078078,4.938475327929691e+25,1.917707949799956e+25,8.863253431763393e+24
508.5085085085085,4.938475327929691e+25,1.9223633984641307e+25,8.902913646398363e+24
509.2092092092092,4.938475327929691e+25,1.927004575117041e+25,8.942447236169387e+24
509.9099099099099,4.938475327929691e+25,1.9316315450601e+25,8.9818547668136e+24
510.6106106106106,4.938475327929691e+25,1.936244373198205e+25,9.021136800753695e+24
511.3113113113113,4.938475327929691e+25,1.9408431240427134e+25,9.060293897122469e+24
512.0120120120121,4.938475327929691e+25,1.9454278617144377e+25,9.09932661178632e+24
512.7127127127127,4.938475327929691e+25,1.949998649946567e+25,9.138235497369002e+24
513.4134134134134,4.938475327929691e+25,1.9545555520875965e+25,9.177021103275411e+24
514.114114114114,4.938475327929691e+25,1.9590986311042147e+25,9.21568397571448e+24
514.8148148148148,4.938475327929691e+25,1.963627949584162e+25,9.254224657722464e+24
515.5155155155155,4.938475327929691e+25,1.9681435697390794e+25,9.292643689185692e+24
516.2162162162163,4.938475327929691e+25,1.9726455534073094e+25,9.330941606863452e+24
516.9169169169169,4.938475327929691e+25,1.9771339620566905e+25,9.369118944410287e+24
517.6176176176176,4.938475327929691e+25,1.981608856787321e+25,9.407176232398294e+24
518.3183183183182,4.938475327929691e+25,1.986070298334292e+25,9.445113998339392e+24
519.019019019019,4.938475327929691e+25,1.99051834707041e+25,9.482932766707001e+24
519.7197197197197,4.938475327929691e+25,1.994953063008878e+25,9.520633058957943e+24
520.4204204204204,4.938475327929691e+25,1.999374505805969e+25,9.55821539355395e+24
521.1211211211212,4.938475327929691e+25,2.003782734763655e+25,9.595680285982915e+24
521.8218218218218,4.938475327929691e+25,2.0081778088322447e+25,9.633028248780168e+24
522.5225225225224,4.938475327929691e+25,2.0125597866129695e+25,9.670259791549499e+24
523.2232232232232,4.938475327929691e+25,2.01692872636055e+25,9.707375420983794e+24
523.9239239239239,4.938475327929691e+25,2.0212846859857585e+25,9.744375640885915e+24
524.6246246246246,4.938475327929691e+25,2.02562772305794e+25,9.78126095218887e+24
525.3253253253254,4.938475327929691e+25,2.0299578948075163e+25,9.818031852976507e+24
526.026026026026,4.938475327929691e+25,2.0342752581284796e+25,9.85468883850314e+24
526.7267267267267,4.938475327929691e+25,2.038579869580838e+25,9.8912324012139e+24
527.4274274274273,4.938475327929691e+25,2.0428717853930785e+25,9.927663030764308e+24
528.1281281281281,4.938475327929691e+25,2.0471510614645534e+25,9.96398121404003e+24
528.8288288288288,4.938475327929691e+25,2.051417753367916e+25,1.0000187435176083e+25
529.5295295295296,4.938475327929691e+25,2.0556719163514683e+25,1.0036282175576401e+25
530.2302302302303,4.938475327929691e+25,2.059913605341529e+25,1.0072265913932812e+25
530.9309309309309,4.938475327929691e+25,2.064142874944774e+25,1.0108139126243925e+25
531.6316316316315,4.938475327929691e+25,2.0683597794505423e+25,1.0143902285834182e+25
532.3323323323323,4.938475327929691e+25,2.072564372833138e+25,1.0179555863372248e+25
533.033033033033,4.938475327929691e+25,2.076756708754104e+25,1.0215100326889666e+25
533.7337337337337,4.938475327929691e+25,2.0809368405644746e+25,1.0250536141799182e+25
534.4344344344345,4.938475327929691e+25,2.085104821307019e+25,1.0285863770912691e+25
535.1351351351351,4.938475327929691e+25,2.089260703718456e+25,1.0321083674459774e+25
535.8358358358358,4.938475327929691e+25,2.0934045402316513e+25,1.0356196310104964e+25
536.5365365365365,4.938475327929691e+25,2.0975363829777924e+25,1.0391202132966083e+25
537.2372372372372,4.938475327929691e+25,2.101656283788566e+25,1.0426101595631406e+25
537.9379379379379,4.938475327929691e+25,2.105764294198274e+25,1.0460895148177228e+25
538.6386386386387,4.938475327929691e+25,2.109860465445981e+25,1.0495583238185284e+25
539.3393393393394,4.938475327929691e+25,2.1139448484776115e+25,1.0530166310759746e+25
540.04004004004,4.938475327929691e+25,2.1180174939480354e+25,1.0564644808544297e+25
540.7407407407406,4.938475327929691e+25,2.122078452223137e+25,1.0599019171739094e+25
541.4414414414414,4.938475327929691e+25,2.1261277733818758e+25,1.063328983811744e+25
542.1421421421421,4.938475327929691e+25,2.130165507218312e+25,1.0667457243042318e+25
542.8428428428429,4.938475327929691e+25,2.1341917032436335e+25,1.0701521819482919e+25
543.5435435435436,4.938475327929691e+25,2.1382064106881493e+25,1.0735483998031071e+25
544.2442442442442,4.938475327929691e+25,2.1422096785032714e+25,1.0769344206917259e+25
544.944944944945,4.938475327929691e+25,2.146201555363495e+25,1.080310287202688e+25
545.6456456456456,4.938475327929691e+25,2.150182089668335e+25,1.0836760416916005e+25
546.3463463463463,4.938475327929691e+25,2.1541513295442626e+25,1.0870317262827252e+25
547.047047047047,4.938475327929691e+25,2.1581093228466326e+25,1.0903773828705547e+25
547.7477477477478,4.938475327929691e+25,2.1620561171615704e+25,1.0937130531213578e+25
548.4484484484484,4.938475327929691e+25,2.1659917598078736e+25,1.0970387784747286e+25
549.1491491491491,4.938475327929691e+25,2.1699162978388684e+25,1.1003546001451048e+25
549.8498498498498,4.938475327929691e+25,2.1738297780442707e+25,1.1036605591233044e+25
550.5505505505505,4.938475327929691e+25,2.1777322469520257e+25,1.106956696178014e+25
551.2512512512512,4.938475327929691e+25,2.1816237508301254e+25,1.1102430518572948e+25
551.951951951952,4.938475327929691e+25,2.1855043356884226e+25,1.113519666490051e+25
552.6526526526527,4.938475327929691e+25,2.189374047280421e+25,1.1167865801875128e+25
553.3533533533533,4.938475327929691e+25,2.193232931105062e+25,1.1200438328446959e+25
554.0540540540541,4.938475327929691e+25,2.1970810324084676e+25,1.1232914641418292e+25
554.7547547547547,4.938475327929691e+25,2.200918396185716e+25,1.1265295135457982e+25
555.4554554554554,4.938475327929691e+25,2.2047450671825584e+25,1.1297580203115828e+25
556.1561561561562,4.938475327929691e+25,2.208561089897144e+25,1.1329770234836492e+25
556.8568568568569,4.938475327929691e+25,2.2123665085817215e+25,1.136186561897365e+25
557.5575575575575,4.938475327929691e+25,2.2161613672443424e+25,1.139386674180367e+25
558.2582582582583,4.938475327929691e+25,2.219945709650529e+25,1.1425773987539763e+25
558.9589589589589,4.938475327929691e+25,2.223719579324945e+25,1.145758773834522e+25
559.6596596596596,4.938475327929691e+25,2.2274830195530367e+25,1.1489308374347386e+25
560.3603603603603,4.938475327929691e+25,2.23123607338268e+25,1.1520936273650798e+25
561.0610610610611,4.938475327929691e+25,2.2349787836258016e+25,1.1552471812350774e+25
561.7617617617618,4.938475327929691e+25,2.2387111928599886e+25,1.1583915364546457e+25
562.4624624624624,4.938475327929691e+25,2.2424333434300825e+25,1.1615267302354138e+25
563.1631631631631,4.938475327929691e+25,2.2461452774497664e+25,1.164652799592015e+25
563.8638638638638,4.938475327929691e+25,2.2498470368031426e+25,1.1677697813433984e+25
564.5645645645645,4.938475327929691e+25,2.2535386631462737e+25,1.1708777121140898e+25
565.2652652652653,4.938475327929691e+25,2.257220197908751e+25,1.1739766283354835e+25
565.965965965966,4.938475327929691e+25,2.260891682295208e+25,1.1770665662470952e+25
566.6666666666666,4.938475327929691e+25,2.2645531572868566e+25,1.1801475618978197e+25
567.3673673673674,4.938475327929691e+25,2.268204663642991e+25,1.1832196511471832e+25
568.068068068068,4.938475327929691e+25,2.2718462419024683e+25,1.1862828696665555e+25
568.7687687687687,4.938475327929691e+25,2.2754779323852264e+25,1.1893372529403966e+25
569.4694694694695,4.938475327929691e+25,2.2790997751937217e+25,1.1923828362674596e+25
570.1701701701702,4.938475327929691e+25,2.282711810214417e+25,1.1954196547620063e+25
570.8708708708709,4.938475327929691e+25,2.2863140771192075e+25,1.198447743354986e+25
571.5715715715716,4.938475327929691e+25,2.289906615366882e+25,1.2014671367952406e+25
572.2722722722722,4.938475327929691e+25,2.293489464204523e+25,1.2044778696506737e+25
572.9729729729729,4.938475327929691e+25,2.2970626626689456e+25,1.207479976309422e+25
573.6736736736736,4.938475327929691e+25,2.3006262495880775e+25,1.2104734909810138e+25
574.3743743743744,4.938475327929691e+25,2.304180263582376e+25,1.2134584476975177e+25
575.0750750750751,4.938475327929691e+25,2.307724743066187e+25,1.2164348803146812e+25
575.7757757757757,4.938475327929691e+25,2.3112597262491195e+25,1.2194028225130862e+25
576.4764764764765,4.938475327929691e+25,2.314785251137419e+25,1.2223623077992357e+25
577.1771771771771,4.938475327929691e+25,2.3183013555352907e+25,1.225313369506707e+25
577.8778778778778,4.938475327929691e+25,2.321808077046271e+25,1.2282560407972332e+25
578.5785785785786,4.938475327929691e+25,2.325305453074512e+25,1.2311903546618066e+25
579.2792792792793,4.938475327929691e+25,2.328793520826135e+25,1.2341163439217891e+25
579.97997997998,4.938475327929691e+25,2.3322723173105147e+25,1.237034041229954e+25
580.6806806806807,4.938475327929691e+25,2.3357418793415875e+25,1.239943479071604e+25
581.3813813813813,4.938475327929691e+25,2.3392022435391273e+25,1.24284468976562e+25
582.082082082082,4.938475327929691e+25,2.3426534463300244e+25,1.245737705465494e+25
582.7827827827828,4.938475327929691e+25,2.346095523949557e+25,1.2486225581604172e+25
583.4834834834835,4.938475327929691e+25,2.349528512442635e+25,1.2514992796763033e+25
584.1841841841842,4.938475327929691e+25,2.3529524476650522e+25,1.2543679016768095e+25
584.8848848848849,4.938475327929691e+25,2.356367365284724e+25,1.2572284556643957e+25
585.5855855855856,4.938475327929691e+25,2.3597733007829094e+25,1.260080972981307e+25
586.2862862862862,4.938475327929691e+25,2.363170289455429e+25,1.2629254848106161e+25
586.986986986987,4.938475327929691e+25,2.366558366413876e+25,1.2657620221771883e+25
587.6876876876877,4.938475327929691e+25,2.3699375665868053e+25,1.2685906159487163e+25
588.3883883883884,4.938475327929691e+25,2.37330792472093e+25,1.2714112968366817e+25
589.089089089089,4.938475327929691e+25,2.3766694753822976e+25,1.2742240953973452e+25
589.7897897897898,4.938475327929691e+25,2.380022252957458e+25,1.2770290420327197e+25
590.4904904904904,4.938475327929691e+25,2.383366291654626e+25,1.2798261669915319e+25
591.1911911911911,4.938475327929691e+25,2.3867016255048396e+25,1.2826155003701846e+25
591.8918918918919,4.938475327929691e+25,2.3900282883630897e+25,1.285397072113708e+25
592.5925925925926,4.938475327929691e+25,2.393346313909466e+25,1.2881709120166958e+25
593.2932932932933,4.938475327929691e+25,2.396655735650277e+25,1.2909370497242559e+25
593.993993993994,4.938475327929691e+25,2.3999565869191697e+25,1.293695514732927e+25
594.6946946946947,4.938475327929691e+25,2.4032489008782368e+25,1.296446336391615e+25
595.3953953953953,4.938475327929691e+25,2.406532710519114e+25,1.2991895439025037e+25
596.0960960960961,4.938475327929691e+25,2.4098080486640743e+25,1.3019251663219483e+25
596.7967967967968,4.938475327929691e+25,2.4130749479671114e+25,1.3046532325614218e+25
597.4974974974975,4.938475327929691e+25,2.416333440915011e+25,1.3073737713883498e+25
598.1981981981982,4.938475327929691e+25,2.4195835598284243e+25,1.3100868114270632e+25
598.8988988988989,4.938475327929691e+25,2.4228253368629167e+25,1.3127923811596287e+25
599.5995995995995,4.938475327929691e+25,2.426058804010025e+25,1.315490508926762e+25
600.3003003003003,4.938475327929691e+25,2.429283993098299e+25,1.3181812229286668e+25
601.001001001001,4.938475327929691e+25,2.432500935794332e+25,1.3208645512259395e+25
601.7017017017017,4.938475327929691e+25,2.4357096636037874e+25,1.3235405217403864e+25
602.4024024024025,4.938475327929691e+25,2.4389102078724293e+25,1.3262091622558862e+25
603.1031031031031,4.938475327929691e+25,2.4421025997871156e+25,1.328870500419254e+25
603.8038038038037,4.938475327929691e+25,2.445286870376814e+25,1.3315245637410542e+25
604.5045045045044,4.938475327929691e+25,2.4484630505135927e+25,1.3341713795964497e+25
605.2052052052052,4.938475327929691e+25,2.4516311709136097e+25,1.3368109752260163e+25
605.9059059059059,4.938475327929691e+25,2.4547912621380964e+25,1.3394433777365742e+25
606.6066066066066,4.938475327929691e+25,2.4579433545943216e+25,1.3420686141019865e+25
607.3073073073073,4.938475327929691e+25,2.461087478536574e+25,1.344686711164e+25
608.008008008008,4.938475327929691e+25,2.4642236640671043e+25,1.3472976956330061e+25
608.7087087087086,4.938475327929691e+25,2.4673519411370856e+25,1.349901594088867e+25
609.4094094094094,4.938475327929691e+25,2.4704723395475615e+25,1.3524984329817008e+25
610.1101101101101,4.938475327929691e+25,2.473584888950375e+25,1.355088238632648e+25
610.8108108108108,4.938475327929691e+25,2.4766896188490983e+25,1.357671037234682e+25
611.5115115115116,4.938475327929691e+25,2.479786558599971e+25,1.3602468548533635e+25
612.2122122122122,4.938475327929691e+25,2.4828757374127986e+25,1.3628157174276048e+25
612.9129129129129,4.938475327929691e+25,2.4859571843518737e+25,1.365377650770451e+25
613.6136136136136,4.938475327929691e+25,2.489030928336874e+25,1.367932680569826e+25
614.3143143143143,4.938475327929691e+25,2.4920969981437648e+25,1.3704808323892708e+25
615.015015015015,4.938475327929691e+25,2.495155422405682e+25,1.373022131668736e+25
615.7157157157156,4.938475327929691e+25,2.4982062296138126e+25,1.375556603725253e+25
616.4164164164164,4.938475327929691e+25,2.5012494481182876e+25,1.3780842737537307e+25
617.1171171171171,4.938475327929691e+25,2.5042851061290314e+25,1.3806051668276667e+25
617.8178178178179,4.938475327929691e+25,2.50731323171664e+25,1.3831193078998585e+25
618.5185185185185,4.938475327929691e+25,2.510333852813235e+25,1.3856267218031403e+25
619.2192192192192,4.938475327929691e+25,2.513346997213307e+25,1.388127433251085e+25
619.91991991992,4.938475327929691e+25,2.5163526925745736e+25,1.3906214668387406e+25
620.6206206206206,4.938475327929691e+25,2.519350966418809e+25,1.3931088470432938e+25
621.3213213213213,4.938475327929691e+25,2.522341846132675e+25,1.395589598224808e+25
622.022022022022,4.938475327929691e+25,2.5253253589685604e+25,1.3980637446268949e+25
622.7227227227227,4.938475327929691e+25,2.5283015320453786e+25,1.4005313103774146e+25
623.4234234234234,4.938475327929691e+25,2.5312703923494047e+25,1.4029923194891524e+25
624.1241241241241,4.938475327929691e+25,2.534231966735074e+25,1.4054467958605177e+25
624.8248248248248,4.938475327929691e+25,2.5371862819257805e+25,1.407894763276198e+25
625.5255255255255,4.938475327929691e+25,2.5401333645146826e+25,1.4103362454078356e+25
626.2262262262262,4.938475327929691e+25,2.5430732409654847e+25,1.4127712658147048e+25
626.9269269269269,4.938475327929691e+25,2.54600593761323e+25,1.415199847944358e+25
627.6276276276276,4.938475327929691e+25,2.5489314806650777e+25,1.417622015133291e+25
628.3283283283283,4.938475327929691e+25,2.5518498962010737e+25,1.4200377906075914e+25
629.0290290290291,4.938475327929691e+25,2.5547612101749186e+25,1.422447197483589e+25
629.7297297297297,4.938475327929691e+25,2.5576654484147344e+25,1.424850258768502e+25
630.4304304304304,4.938475327929691e+25,2.560562636623827e+25,1.427246997361059e+25
631.1311311311312,4.938475327929691e+25,2.563452800381418e+25,1.4296374360521555e+25
631.8318318318318,4.938475327929691e+25,2.5663359651434152e+25,1.432021597525475e+25
632.5325325325325,4.938475327929691e+25,2.5692121562431338e+25,1.4343995043580949e+25
633.2332332332332,4.938475327929691e+25,2.5720813988920406e+25,1.436771179021139e+25
633.9339339339339,4.938475327929691e+25,2.5749437181804884e+25,1.4391366438803826e+25
634.6346346346346,4.938475327929691e+25,2.5777991390784332e+25,1.4414959211968424e+25
635.3353353353353,4.938475327929691e+25,2.5806476864361598e+25,1.4438490331274265e+25
636.036036036036,4.938475327929691e+25,2.583489384984987e+25,1.4461960017254933e+25
636.7367367367367,4.938475327929691e+25,2.586324259337987e+25,1.4485368489414838e+25
637.4374374374374,4.938475327929691e+25,2.589152333990693e+25,1.4508715966235077e+25
638.1381381381382,4.938475327929691e+25,2.591973633321783e+25,1.4532002665179307e+25
638.8388388388388,4.938475327929691e+25,2.5947881815937905e+25,1.4555228802699568e+25
639.5395395395395,4.938475327929691e+25,2.5975960029537833e+25,1.4578394594242288e+25
640.2402402402403,4.938475327929691e+25,2.6003971214340554e+25,1.4601500254253893e+25
640.9409409409409,4.938475327929691e+25,2.6031915609528016e+25,1.4624545996186664e+25
641.6416416416416,4.938475327929691e+25,2.60597934531479e+25,1.4647532032504419e+25
642.3423423423424,4.938475327929691e+25,2.6087604982120487e+25,1.4670458574688243e+25
643.043043043043,4.938475327929691e+25,2.6115350432245074e+25,1.4693325833241886e+25
643.7437437437437,4.938475327929691e+25,2.614303003820676e+25,1.4716134017697795e+25
644.4444444444445,4.938475327929691e+25,2.617064403358292e+25,1.47388833366222e+25
645.1451451451451,4.938475327929691e+25,2.619819265084978e+25,1.4761573997620986e+25
645.8458458458458,4.938475327929691e+25,2.6225676121388845e+25,1.4784206207344935e+25
646.5465465465466,4.938475327929691e+25,2.625309467549325e+25,1.4806780171495314e+25
647.2472472472472,4.938475327929691e+25,2.628044854237438e+25,1.4829296094829252e+25
647.9479479479479,4.938475327929691e+25,2.6307737950167904e+25,1.4851754181165125e+25
648.6486486486486,4.938475327929691e+25,2.633496312594026e+25,1.4874154633387707e+25
649.3493493493494,4.938475327929691e+25,2.636212429569485e+25,1.4896497653453812e+25
650.05005005005,4.938475327929691e+25,2.63892216843782e+25,1.4918783442397297e+25
650.7507507507507,4.938475327929691e+25,2.6416255515886214e+25,1.4941012200334306e+25
651.4514514514515,4.938475327929691e+25,2.6443226013070164e+25,1.4963184126468527e+25
652.1521521521521,4.938475327929691e+25,2.6470133397742846e+25,1.4985299419096398e+25
652.8528528528528,4.938475327929691e+25,2.649697789068467e+25,1.5007358275612092e+25
653.5535535535536,4.938475327929691e+25,2.652375971164943e+25,1.502936089251268e+25
654.2542542542542,4.938475327929691e+25,2.6550479079370524e+25,1.5051307465403236e+25
654.9549549549549,4.938475327929691e+25,2.6577136211566696e+25,1.507319818900168e+25
655.6556556556557,4.938475327929691e+25,2.6603731324947877e+25,1.5095033257143978e+25
656.3563563563563,4.938475327929691e+25,2.663026463522109e+25,1.5116812862788953e+25
657.057057057057,4.938475327929691e+25,2.665673635709628e+25,1.5138537198023227e+25
657.7577577577578,4.938475327929691e+25,2.6683146704291942e+25,1.5160206454066102e+25
658.4584584584584,4.938475327929691e+25,2.670949588954084e+25,1.518182082127457e+25
659.1591591591591,4.938475327929691e+25,2.6735784124595734e+25,1.5203380489147714e+25
659.8598598598599,4.938475327929691e+25,2.6762011620235045e+25,1.522488564633204e+25
660.5605605605606,4.938475327929691e+25,2.6788178586268246e+25,1.5246336480625865e+25
661.2612612612612,4.938475327929691e+25,2.681428523154166e+25,1.5267733178984097e+25
661.961961961962,4.938475327929691e+25,2.6840331763943753e+25,1.5289075927522934e+25
662.6626626626627,4.938475327929691e+25,2.686631839041084e+25,1.5310364911524828e+25
663.3633633633633,4.938475327929691e+25,2.6892245316932246e+25,1.5331600315442507e+25
664.064064064064,4.938475327929691e+25,2.691811274855597e+25,1.5352782322904107e+25
664.7647647647648,4.938475327929691e+25,2.6943920889393848e+25,1.5373911116717557e+25
665.4654654654654,4.938475327929691e+25,2.696966994262698e+25,1.5394986878874995e+25
666.1661661661661,4.938475327929691e+25,2.6995360110511e+25,1.5416009790557525e+25
666.8668668668669,4.938475327929691e+25,2.7020991594381347e+25,1.5436980032139423e+25
667.5675675675675,4.938475327929691e+25,2.7046564594658427e+25,1.5457897783192924e+25
668.2682682682682,4.938475327929691e+25,2.707207931085285e+25,1.5478763222492264e+25
668.968968968969,4.938475327929691e+25,2.7097535941570557e+25,1.5499576528018233e+25
669.6696696696697,4.938475327929691e+25,2.7122934684517943e+25,1.5520337876962808e+25
670.3703703703703,4.938475327929691e+25,2.714827573650692e+25,1.5541047445732957e+25
671.0710710710711,4.938475327929691e+25,2.717355929345995e+25,1.5561705409955435e+25
671.7717717717718,4.938475327929691e+25,2.7198785550415102e+25,1.5582311944480673e+25
672.4724724724724,4.938475327929691e+25,2.722395470153097e+25,1.560286722338725e+25
673.1731731731732,4.938475327929691e+25,2.7249066940091677e+25,1.5623371419986215e+25
673.8738738738739,4.938475327929691e+25,2.7274122458511703e+25,1.5643824706824927e+25
674.5745745745745,4.938475327929691e+25,2.729912144834086e+25,1.5664227255691524e+25
675.2752752752752,4.938475327929691e+25,2.7324064100269015e+25,1.568457923761897e+25
675.975975975976,4.938475327929691e+25,2.7348950604131046e+25,1.5704880822889171e+25
676.6766766766766,4.938475327929691e+25,2.737378114891149e+25,1.5725132181037002e+25
677.3773773773773,4.938475327929691e+25,2.7398555922749354e+25,1.5745333480854486e+25
678.0780780780781,4.938475327929691e+25,2.74232751129429e+25,1.5765484890394617e+25
678.7787787787787,4.938475327929691e+25,2.744793890595411e+25,1.578558657697568e+25
679.4794794794794,4.938475327929691e+25,2.747254748741357e+25,1.5805638707184973e+25
680.1801801801802,4.938475327929691e+25,2.749710104212495e+25,1.5825641446882779e+25
680.8808808808809,4.938475327929691e+25,2.752159975406972e+25,1.5845594961206572e+25
681.5815815815815,4.938475327929691e+25,2.754604380641154e+25,1.5865499414574482e+25
682.2822822822823,4.938475327929691e+25,2.7570433381500956e+25,1.5885354970689444e+25
682.982982982983,4.938475327929691e+25,2.7594768660879775e+25,1.590516179254313e+25
683.6836836836836,4.938475327929691e+25,2.7619049825285614e+25,1.592492004241956e+25
684.3843843843844,4.938475327929691e+25,2.7643277054656335e+25,1.594462988189903e+25
685.0850850850851,4.938475327929691e+25,2.7667450528134368e+25,1.5964291471861827e+25
685.7857857857857,4.938475327929691e+25,2.7691570424071234e+25,1.598390497249211e+25
686.4864864864865,4.938475327929691e+25,2.7715636920031784e+25,1.600347054328152e+25
687.1871871871872,4.938475327929691e+25,2.7739650192798597e+25,1.6022988343032835e+25
687.8878878878878,4.938475327929691e+25,2.77636104183762e+25,1.604245852986384e+25
688.5885885885886,4.938475327929691e+25,2.7787517771995403e+25,1.606188126121082e+25
689.2892892892893,4.938475327929691e+25,2.7811372428117493e+25,1.6081256693832352e+25
689.98998998999,4.938475327929691e+25,2.78351745604385e+25,1.6100584983812753e+25
690.6906906906906,4.938475327929691e+25,2.7858924341893346e+25,1.61198662865658e+25
691.3913913913914,4.938475327929691e+25,2.7882621944660018e+25,1.613910075683818e+25
692.0920920920921,4.938475327929691e+25,2.7906267540163595e+25,1.6158288548713222e+25
692.7927927927927,4.938475327929691e+25,2.7929861299080542e+25,1.6177429815614156e+25
693.4934934934935,4.938475327929691e+25,2.7953403391342666e+25,1.6196524710307854e+25
694.1941941941942,4.938475327929691e+25,2.7976893986141157e+25,1.621557338490818e+25
694.8948948948948,4.938475327929691e+25,2.8000333251930655e+25,1.6234575990879488e+25
695.5955955955956,4.938475327929691e+25,2.8023721356433202e+25,1.6253532679040083e+25
696.2962962962963,4.938475327929691e+25,2.8047058466642324e+25,1.6272443599565455e+25
696.9969969969969,4.938475327929691e+25,2.807034474882677e+25,1.629130890199201e+25
697.6976976976977,4.938475327929691e+25,2.8093580368534674e+25,1.631012873522012e+25
698.3983983983984,4.938475327929691e+25,2.811676549059728e+25,1.6328903247517603e+25
699.099099099099,4.938475327929691e+25,2.8139900279132832e+25,1.6347632586523055e+25
699.7997997997998,4.938475327929691e+25,2.8162984897550528e+25,1.6366316899249213e+25
700.5005005005005,4.938475327929691e+25,2.818601950855417e+25,1.638495633208602e+25
701.2012012012012,4.938475327929691e+25,2.8209004274146105e+25,1.6403551030804183e+25
701.9019019019019,4.938475327929691e+25,2.8231939355630965e+25,1.6422101140558199e+25
702.6026026026026,4.938475327929691e+25,2.8254824913619283e+25,1.644060680588968e+25
703.3033033033033,4.938475327929691e+25,2.827766110803147e+25,1.6459068170730565e+25
704.004004004004,4.938475327929691e+25,2.8300448098101204e+25,1.6477485378406187e+25
704.7047047047047,4.938475327929691e+25,2.8323186042379382e+25,1.6495858571638653e+25
705.4054054054054,4.938475327929691e+25,2.8345875098737614e+25,1.6514187892549661e+25
706.106106106106,4.938475327929691e+25,2.8368515424371887e+25,1.6532473482664078e+25
706.8068068068068,4.938475327929691e+25,2.8391107175806134e+25,1.6550715482912626e+25
707.5075075075075,4.938475327929691e+25,2.8413650508895927e+25,1.6568914033635164e+25
708.2082082082081,4.938475327929691e+25,2.843614557883188e+25,1.6587069274583738e+25
708.9089089089089,4.938475327929691e+25,2.8458592540143355e+25,1.6605181344925606e+25
709.6096096096096,4.938475327929691e+25,2.8480991546701813e+25,1.6623250383246244e+25
710.3103103103103,4.938475327929691e+25,2.850334275172441e+25,1.664127652755257e+25
711.011011011011,4.938475327929691e+25,2.852564630777741e+25,1.6659259915275454e+25
711.7117117117117,4.938475327929691e+25,2.8547902366779675e+25,1.6677200683273282e+25
712.4124124124124,4.938475327929691e+25,2.85701110800061e+25,1.6695098967834452e+25
713.1131131131131,4.938475327929691e+25,2.8592272598090932e+25,1.6712954904680544e+25
713.8138138138138,4.938475327929691e+25,2.8614387071031214e+25,1.6730768628969135e+25
714.5145145145145,4.938475327929691e+25,2.8636454648190183e+25,1.6748540275296876e+25
715.2152152152152,4.938475327929691e+25,2.865847547830053e+25,1.6766269977702122e+25
715.9159159159159,4.938475327929691e+25,2.868044970946775e+25,1.6783957869667884e+25
716.6166166166166,4.938475327929691e+25,2.8702377489173408e+25,1.6801604084124781e+25
717.3173173173172,4.938475327929691e+25,2.8724258964278553e+25,1.681920875345382e+25
718.018018018018,4.938475327929691e+25,2.8746094281026785e+25,1.6836772009489164e+25
718.7187187187187,4.938475327929691e+25,2.8767883585047573e+25,1.6854293983520954e+25
719.4194194194193,4.938475327929691e+25,2.878962702135951e+25,1.6871774806298106e+25
720.1201201201201,4.938475327929691e+25,2.881132473437345e+25,1.6889214608030976e+25
720.8208208208208,4.938475327929691e+25,2.8832976867895714e+25,1.6906613518394322e+25
721.5215215215215,4.938475327929691e+25,2.885458356513122e+25,1.6923971666529761e+25
722.2222222222222,4.938475327929691e+25,2.887614496868662e+25,1.6941289181048684e+25
722.9229229229229,4.938475327929691e+25,2.8897661220573518e+25,1.6958566190034886e+25
723.6236236236236,4.938475327929691e+25,2.8919132462211315e+25,1.6975802821047252e+25
724.3243243243243,4.938475327929691e+25,2.8940558834430597e+25,1.6992999201122321e+25
725.025025025025,4.938475327929691e+25,2.896194047747597e+25,1.7010155456777173e+25
725.7257257257257,4.938475327929691e+25,2.8983277531009207e+25,1.7027271714011702e+25
726.4264264264264,4.938475327929691e+25,2.9004570134112207e+25,1.7044348098311666e+25
727.1271271271271,4.938475327929691e+25,2.9025818425290016e+25,1.7061384734650839e+25
727.8278278278278,4.938475327929691e+25,2.9047022542473836e+25,1.7078381747494063e+25
728.5285285285285,4.938475327929691e+25,2.9068182623023986e+25,1.7095339260799303e+25
729.2292292292292,4.938475327929691e+25,2.9089298803732806e+25,1.7112257398020638e+25
729.9299299299299,4.938475327929691e+25,2.911037122082765e+25,1.712913628211046e+25
730.6306306306307,4.938475327929691e+25,2.9131400009973663e+25,1.7145976035522384e+25
731.3313313313313,4.938475327929691e+25,2.9152385306276887e+25,1.7162776780213324e+25
732.032032032032,4.938475327929691e+25,2.917332724428696e+25,1.7179538637646343e+25
732.7327327327328,4.938475327929691e+25,2.9194225957999967e+25,1.7196261728792787e+25
733.4334334334334,4.938475327929691e+25,2.9215081580861474e+25,1.7212946174135074e+25
734.1341341341341,4.938475327929691e+25,2.9235894245769083e+25,1.7229592093669028e+25
734.8348348348349,4.938475327929691e+25,2.925666408507545e+25,1.7246199606906162e+25
735.5355355355355,4.938475327929691e+25,2.927739123059095e+25,1.7262768832876314e+25
736.2362362362362,4.938475327929691e+25,2.92980758135865e+25,1.727929989012993e+25
736.936936936937,4.938475327929691e+25,2.9318717964796282e+25,1.7295792896740447e+25
737.6376376376376,4.938475327929691e+25,2.9339317814420528e+25,1.731224797030672e+25
738.3383383383383,4.938475327929691e+25,2.935987549212817e+25,1.7328665227955416e+25
739.039039039039,4.938475327929691e+25,2.938039112705965e+25,1.7345044786343134e+25
739.7397397397397,4.938475327929691e+25,2.9400864847829396e+25,1.7361386761659151e+25
740.4404404404404,4.938475327929691e+25,2.9421296782528752e+25,1.7377691269627355e+25
741.1411411411411,4.938475327929691e+25,2.9441687058728477e+25,1.7393958425508673e+25
741.8418418418419,4.938475327929691e+25,2.9462035803481415e+25,1.7410188344103453e+25
742.5425425425425,4.938475327929691e+25,2.9482343143325096e+25,1.7426381139753695e+25
743.2432432432432,4.938475327929691e+25,2.9502609204284437e+25,1.744253692634523e+25
743.943943943944,4.938475327929691e+25,2.9522834111874146e+25,1.745865581731e+25
744.6446446446446,4.938475327929691e+25,2.954301799110146e+25,1.7474737925628546e+25
745.3453453453453,4.938475327929691e+25,2.9563160966468735e+25,1.7490783363831725e+25
746.0460460460461,4.938475327929691e+25,2.9583263161975774e+25,1.750679224400343e+25
746.7467467467467,4.938475327929691e+25,2.9603324701122554e+25,1.7522764677782485e+25
747.4474474474474,4.938475327929691e+25,2.9623345706911675e+25,1.7538700776364979e+25
748.1481481481482,4.938475327929691e+25,2.9643326301850883e+25,1.7554600650506296e+25
748.8488488488488,4.938475327929691e+25,2.9663266607955405e+25,1.7570464410523401e+25
749.5495495495495,4.938475327929691e+25,2.968316674675071e+25,1.7586292166297035e+25
750.2502502502502,4.938475327929691e+25,2.9703026839274648e+25,1.76020840272736e+25
750.950950950951,4.938475327929691e+25,2.97228470060801e+25,1.7617840102467573e+25
751.6516516516516,4.938475327929691e+25,2.974262736723727e+25,1.7633560500463424e+25
752.3523523523523,4.938475327929691e+25,2.9762368042336268e+25,1.7649245329417827e+25
753.0530530530531,4.938475327929691e+25,2.9782069150489257e+25,1.7664894697061584e+25
753.7537537537537,4.938475327929691e+25,2.9801730810333047e+25,1.7680508710701977e+25
754.4544544544544,4.938475327929691e+25,2.982135314003137e+25,1.7696087477224589e+25
755.1551551551552,4.938475327929691e+25,2.984093625727725e+25,1.7711631103095362e+25
755.8558558558558,4.938475327929691e+25,2.9860480279295272e+25,1.772713969436276e+25
756.5565565565565,4.938475327929691e+25,2.98799853228441e+25,1.774261335665977e+25
757.2572572572573,4.938475327929691e+25,2.9899451504218505e+25,1.7758052195205809e+25
757.9579579579579,4.938475327929691e+25,2.9918878939251917e+25,1.7773456314808845e+25
758.6586586586586,4.938475327929691e+25,2.993826774331857e+25,1.7788825819867347e+25
759.3593593593594,4.938475327929691e+25,2.9957618031335817e+25,1.7804160814372258e+25
760.06006006006,4.938475327929691e+25,2.997692991776633e+25,1.7819461401908933e+25
760.7607607607607,4.938475327929691e+25,2.999620351662047e+25,1.7834727685659124e+25
761.4614614614615,4.938475327929691e+25,3.0015438941458368e+25,1.7849959768402976e+25
762.1621621621622,4.938475327929691e+25,3.0034636305392222e+25,1.7865157752520885e+25
762.8628628628628,4.938475327929691e+25,3.0053795721088516e+25,1.7880321739995468e+25
763.5635635635635,4.938475327929691e+25,3.0072917300770143e+25,1.7895451832413457e+25
764.2642642642643,4.938475327929691e+25,3.009200115621862e+25,1.7910548130967501e+25
764.9649649649649,4.938475327929691e+25,3.011104739877628e+25,1.792561073645834e+25
765.6656656656656,4.938475327929691e+25,3.0130056139348395e+25,1.7940639749296365e+25
766.3663663663664,4.938475327929691e+25,3.0149027488405277e+25,1.7955635269503623e+25
767.067067067067,4.938475327929691e+25,3.0167961555984515e+25,1.7970597396715774e+25
767.7677677677677,4.938475327929691e+25,3.0186858451692933e+25,1.7985526230183735e+25
768.4684684684685,4.938475327929691e+25,3.020571828470885e+25,1.800042186877566e+25
769.1691691691691,4.938475327929691e+25,3.022454116378405e+25,1.8015284410978664e+25
769.8698698698698,4.938475327929691e+25,3.024332719724596e+25,1.8030113954900885e+25
770.5705705705706,4.938475327929691e+25,3.0262076492999567e+25,1.8044910598272883e+25
771.2712712712712,4.938475327929691e+25,3.0280789158529686e+25,1.8059674438449798e+25
771.9719719719719,4.938475327929691e+25,3.02994653009028e+25,1.8074405572412924e+25
772.6726726726727,4.938475327929691e+25,3.0318105026769217e+25,1.8089104096771556e+25
773.3733733733734,4.938475327929691e+25,3.033670844236499e+25,1.8103770107764793e+25
774.074074074074,4.938475327929691e+25,3.0355275653514014e+25,1.811840370126325e+25
774.7747747747748,4.938475327929691e+25,3.0373806765630035e+25,1.8133004972770813e+25
775.4754754754755,4.938475327929691e+25,3.0392301883718432e+25,1.8147574017426315e+25
776.1761761761761,4.938475327929691e+25,3.0410761112378485e+25,1.8162110930005366e+25
776.8768768768768,4.938475327929691e+25,3.0429184555805094e+25,1.8176615804921908e+25
777.5775775775776,4.938475327929691e+25,3.0447572317790877e+25,1.8191088736230285e+25
778.2782782782782,4.938475327929691e+25,3.0465924501728e+25,1.820552981762635e+25
778.978978978979,4.938475327929691e+25,3.0484241210610167e+25,1.8219939142449734e+25
779.6796796796797,4.938475327929691e+25,3.050252254703461e+25,1.8234316803685252e+25
780.3803803803803,4.938475327929691e+25,3.052076861320371e+25,1.8248662893964374e+25
781.081081081081,4.938475327929691e+25,3.05389795109273e+25,1.826297750556738e+25
781.7817817817818,4.938475327929691e+25,3.0557155341624183e+25,1.8277260730424592e+25
782.4824824824825,4.938475327929691e+25,3.057529620632422e+25,1.8291512660118191e+25
783.1831831831831,4.938475327929691e+25,3.05934022056701e+25,1.8305733385883732e+25
783.8838838838839,4.938475327929691e+25,3.06114734399192e+25,1.8319922998611969e+25
784.5845845845846,4.938475327929691e+25,3.06295100089455e+25,1.83340815888503e+25
785.2852852852852,4.938475327929691e+25,3.06475120122413e+25,1.8348209246804355e+25
785.985985985986,4.938475327929691e+25,3.066547954891905e+25,1.8362306062339676e+25
786.6866866866867,4.938475327929691e+25,3.068341271771331e+25,1.837637212498333e+25
787.3873873873873,4.938475327929691e+25,3.0701311616982305e+25,1.839040752392533e+25
788.088088088088,4.938475327929691e+25,3.071917634470993e+25,1.8404412348020502e+25
788.7887887887888,4.938475327929691e+25,3.073700699850744e+25,1.8418386685789606e+25
789.4894894894894,4.938475327929691e+25,3.075480367561513e+25,1.843233062542128e+25
790.1901901901902,4.938475327929691e+25,3.077256647290429e+25,1.8446244254773379e+25
790.8908908908909,4.938475327929691e+25,3.079029548687878e+25,1.8460127661374565e+25
791.5915915915915,4.938475327929691e+25,3.080799081367686e+25,1.8473980932425894e+25
792.2922922922922,4.938475327929691e+25,3.0825652549072825e+25,1.848780415480213e+25
792.992992992993,4.938475327929691e+25,3.084328078847886e+25,1.8501597415053487e+25
793.6936936936937,4.938475327929691e+25,3.0860875626946616e+25,1.8515360799407026e+25
794.3943943943943,4.938475327929691e+25,3.087843715916903e+25,1.8529094393768158e+25
795.0950950950951,4.938475327929691e+25,3.0895965479481855e+25,1.8542798283722097e+25
795.7957957957958,4.938475327929691e+25,3.0913460681865526e+25,1.85564725545354e+25
796.4964964964964,4.938475327929691e+25,3.093092285994669e+25,1.8570117291157315e+25
797.1971971971972,4.938475327929691e+25,3.094835210699991e+25,1.858373257822143e+25
797.8978978978979,4.938475327929691e+25,3.096574851594935e+25,1.8597318500046812e+25
798.5985985985985,4.938475327929691e+25,3.098311217937037e+25,1.8610875140640053e+25
799.2992992992993,4.938475327929691e+25,3.100044318949116e+25,1.8624402583695823e+25
800.0,4.938475327929691e+25,3.1017741638194414e+25,1.8637900912599145e+25
